ITI,bidding,budget,budget_liquid,budget_magnitude,budget_payout,budget_value,completed,computer_bid,correct,date,error,error_timeout,finish,fixation,fractal_offer,juice,left,monkey_bid,ordered,paid,percent_correct,primary_side,results,reward,reward_chance,reward_liquid,reward_magnitude,reward_payout,reward_value,rewarded,right,second_budget_value,second_reward_chance,second_reward_magnitude,second_reward_value,starting_bid,subtask,target_box_shift,target_box_size,task_failure,time,trial_end,trial_no,trial_start,type,unrewarded,water
3.76271186440678,4,0.455094101755328,0.546112922106394,1.2,1.20338983050847,NaN,1,0.544905898244672,1,2019-12-04,0,2,11:45:58.574,0.423728813559322,1.50847457627119,0.7,0,0.5744778116284,ordered,1,100,NaN,win_paid,2,1,0.7,0.7,1.50847457627119,2,1,0,NaN,NaN,NaN,NaN,0,BDM,NaN,NaN,0,11:45:47.919,1,1,1,BDM,0,0.546112922106394
3.32203389830508,4,1,1.2,1.2,1.20338983050847,NaN,2,0.686223462984041,2,2019-12-04,0,2,11:46:13.593,0.389830508474576,1.42372881355932,0.7,0,0.629136086634068,ordered,0,100,NaN,lose,0,1,0,0.35,1.50847457627119,1,1,0,NaN,NaN,NaN,NaN,0,BDM,NaN,NaN,0,11:46:03.574,1,2,1,BDM,1,1.74611292210639
3.42372881355932,4,1,1.2,1.2,1.20338983050847,NaN,3,0.893632695933602,3,2019-12-04,0,2,11:46:27.893,0.423728813559322,1.05084745762712,0.7,0,0.581605396633543,ordered,0,100,NaN,lose,0,1,0,1.05,1.50847457627119,3,1,0,NaN,NaN,NaN,NaN,1,BDM,NaN,NaN,0,11:46:18.290,1,3,1,BDM,2,2.94611292210639
3.32203389830508,4,0.945208210080268,1.13424985209632,1.2,1.20338983050847,NaN,4,0.0547917899197324,4,2019-12-04,0,2,11:46:41.944,0.440677966101695,0.813559322033898,1.75,0,0.553341928410973,ordered,1,100,NaN,win_paid,3,1,1.05,1.05,1.50847457627119,3,2,0,NaN,NaN,NaN,NaN,0,BDM,NaN,NaN,0,11:46:32.390,1,4,1,BDM,2,4.08036277420272
2.74576271186441,4,NaN,0,1.2,1.20338983050847,NaN,5,0.303661379717016,4,2019-12-04,1,8.71186440677966,11:46:58.079,0.423728813559322,0.898305084745763,1.75,0,NaN,ordered,NaN,80,NaN,fail_monkey_bidding_activity,NaN,1,0,0.7,1.50847457627119,2,2,0,NaN,NaN,NaN,NaN,0,BDM,NaN,NaN,1,11:46:45.874,1,5,1,BDM,2,4.08036277420272
2,4,0.696338620282984,0.835606344339581,1.2,1.20338983050847,NaN,6,0.303661379717016,5,2019-12-04,1,2,11:47:10.806,0.322033898305085,0.898305084745763,2.45,0,0.637456642395223,ordered,1,83.3333333333333,NaN,win_paid,2,1,0.7,0.7,1.50847457627119,2,3,0,NaN,NaN,NaN,NaN,0,BDM,NaN,NaN,0,11:47:01.356,1,6,1,BDM,2,4.9159691185423
2.84745762711864,4,NaN,0,1.2,1.20338983050847,NaN,7,0.0461915563315478,5,2019-12-04,2,8.71186440677966,11:47:26.987,0.474576271186441,1,2.45,0,NaN,ordered,NaN,71.4285714285714,NaN,fail_monkey_bidding_activity,NaN,1,0,0.35,1.50847457627119,1,3,0,NaN,NaN,NaN,NaN,0,BDM,NaN,NaN,1,11:47:14.789,1,7,1,BDM,2,4.9159691185423
2,4,0.953808443668452,1.14457013240214,1.2,1.20338983050847,NaN,8,0.0461915563315478,6,2019-12-04,2,2,11:47:39.410,0.491525423728814,0.661016949152542,2.8,0,0.544935607221283,ordered,1,75,NaN,win_paid,1,1,0.35,0.35,1.50847457627119,1,4,0,NaN,NaN,NaN,NaN,0,BDM,NaN,NaN,0,11:47:30.106,1,8,1,BDM,2,6.06053925094444
2.77966101694915,4,0.804523236366202,0.965427883639442,1.2,1.20338983050847,NaN,9,0.195476763633798,7,2019-12-04,2,2,11:47:52.780,0.576271186440678,0.728813559322034,3.15,0,0.477264083356238,ordered,1,77.7777777777778,NaN,win_paid,1,1,0.35,0.35,1.50847457627119,1,5,0,NaN,NaN,NaN,NaN,1,BDM,NaN,NaN,0,11:47:43.322,1,9,1,BDM,2,7.02596713458388
2.59322033898305,4,1,1.2,1.2,1.20338983050847,NaN,10,0.720165802516526,8,2019-12-04,2,2,11:48:05.704,0.508474576271186,0.491525423728814,3.15,0,0.460752279636274,ordered,0,80,NaN,lose,0,1,0,0.7,1.50847457627119,2,5,0,NaN,NaN,NaN,NaN,0,BDM,NaN,NaN,0,11:47:56.489,1,10,1,BDM,3,8.22596713458388
2.25423728813559,4,1,1.2,1.2,1.20338983050847,NaN,11,0.721753273499297,9,2019-12-04,2,2,11:48:19.220,0.677966101694915,1.44067796610169,3.15,0,0.505759790131916,ordered,0,81.8181818181818,NaN,lose,0,1,0,1.05,1.50847457627119,3,5,0,NaN,NaN,NaN,NaN,1,BDM,NaN,NaN,0,11:48:09.072,1,11,1,BDM,4,9.42596713458388
4,4,1,1.2,1.2,1.20338983050847,NaN,12,0.877799071151527,10,2019-12-04,2,2,11:48:33.887,0.542372881355932,0.830508474576271,3.15,0,0.356256524468329,ordered,0,83.3333333333333,NaN,lose,0,1,0,0.7,1.50847457627119,2,5,0,NaN,NaN,NaN,NaN,0,BDM,NaN,NaN,0,11:48:24.306,1,12,1,BDM,5,10.6259671345839
2,4,1,1.2,1.2,1.20338983050847,NaN,13,0.58243296448741,11,2019-12-04,2,2,11:48:46.237,0.644067796610169,0.491525423728814,3.15,0,0.43844058525948,ordered,0,84.6153846153846,NaN,lose,0,1,0,0.35,1.50847457627119,1,5,0,NaN,NaN,NaN,NaN,1,BDM,NaN,NaN,0,11:48:37.005,1,13,1,BDM,6,11.8259671345839
3.01694915254237,4,0.92931566461335,1.11517879753602,1.2,1.20338983050847,NaN,14,0.07068433538665,12,2019-12-04,2,2,11:48:59.753,0.593220338983051,0.491525423728814,4.2,0,0.575301303067365,ordered,1,85.7142857142857,NaN,win_paid,3,1,1.05,1.05,1.50847457627119,3,6,0,NaN,NaN,NaN,NaN,0,BDM,NaN,NaN,0,11:48:50.406,1,14,1,BDM,6,12.9411459321199
2.71186440677966,4,1,1.2,1.2,1.20338983050847,NaN,15,0.922744570189092,13,2019-12-04,2,2,11:49:13.436,0.576271186440678,1.06779661016949,4.2,0,0.353193635608084,ordered,0,86.6666666666667,NaN,lose,0,1,0,0.7,1.50847457627119,2,6,0,NaN,NaN,NaN,NaN,1,BDM,NaN,NaN,0,11:49:03.623,1,15,1,BDM,7,14.1411459321199
2.79661016949153,4,1,1.2,1.2,1.20338983050847,NaN,16,0.800372092351107,14,2019-12-04,2,2,11:49:26.953,0.389830508474576,1.11864406779661,4.2,0,0.493441956065137,ordered,0,87.5,NaN,lose,0,1,0,0.35,1.50847457627119,1,6,0,NaN,NaN,NaN,NaN,1,BDM,NaN,NaN,0,11:49:17.372,1,16,1,BDM,8,15.3411459321199
3.93220338983051,4,NaN,0,1.2,1.20338983050847,NaN,17,0.285946856420363,14,2019-12-04,3,8.71186440677966,11:49:43.359,0.305084745762712,0.491525423728814,4.2,0,NaN,ordered,NaN,82.3529411764706,NaN,fail_monkey_bidding_activity,NaN,1,0,1.05,1.50847457627119,3,6,0,NaN,NaN,NaN,NaN,1,BDM,NaN,NaN,1,11:49:31.971,1,17,1,BDM,8,15.3411459321199
2.13559322033898,4,0.714053143579637,0.856863772295564,1.2,1.20338983050847,NaN,18,0.285946856420363,15,2019-12-04,3,2,11:49:56.312,0.508474576271186,0.864406779661017,5.25,0,0.484881232082021,ordered,1,83.3333333333333,NaN,win_paid,3,1,1.05,1.05,1.50847457627119,3,7,0,NaN,NaN,NaN,NaN,1,BDM,NaN,NaN,0,11:49:46.639,1,18,1,BDM,8,16.1980097044155
2,4,1,1.2,1.2,1.20338983050847,NaN,19,0.543663232841362,16,2019-12-04,3,2,11:50:09.504,0.559322033898305,1.25423728813559,5.25,0,0.473516161659644,ordered,0,84.2105263157895,NaN,lose,0,1,0,0.35,1.50847457627119,1,7,0,NaN,NaN,NaN,NaN,0,BDM,NaN,NaN,0,11:49:59.472,1,19,1,BDM,9,17.3980097044155
3.50847457627119,4,1,1.2,1.2,1.20338983050847,NaN,20,0.98477623697061,17,2019-12-04,3,2,11:50:23.970,0.661016949152542,1.05084745762712,5.25,0,0.574786620686913,ordered,0,85,NaN,lose,0,1,0,0.7,1.50847457627119,2,7,0,NaN,NaN,NaN,NaN,0,BDM,NaN,NaN,0,11:50:14.156,1,20,1,BDM,10,18.5980097044155
2.59322033898305,4,1,1.2,1.2,1.20338983050847,NaN,21,0.715678067126622,18,2019-12-04,3,2,11:50:36.887,0.474576271186441,0.593220338983051,5.25,0,0.436305314126389,ordered,0,85.7142857142857,NaN,lose,0,1,0,1.05,1.50847457627119,3,7,0,NaN,NaN,NaN,NaN,0,BDM,NaN,NaN,0,11:50:27.706,1,21,1,BDM,11,19.7980097044155
2,4,1,1.2,1.2,1.20338983050847,NaN,22,0.83896959733,19,2019-12-04,3,2,11:50:49.670,0.627118644067797,0.88135593220339,5.25,0,0.431543985587728,ordered,0,86.3636363636364,NaN,lose,0,1,0,0.7,1.50847457627119,2,7,0,NaN,NaN,NaN,NaN,1,BDM,NaN,NaN,0,11:50:40.054,1,22,1,BDM,12,20.9980097044155
2,4,NaN,0,1.2,1.20338983050847,NaN,23,0.433260561007948,19,2019-12-04,4,8.71186440677966,11:51:04.704,0.677966101694915,0.491525423728814,5.25,0,NaN,ordered,NaN,82.6086956521739,NaN,fail_monkey_bidding_activity,NaN,1,0,0.35,1.50847457627119,1,7,0,NaN,NaN,NaN,NaN,0,BDM,NaN,NaN,1,11:50:52.856,1,23,1,BDM,12,20.9980097044155
3.76271186440678,4,NaN,0,1.2,1.20338983050847,NaN,24,0.433260561007948,19,2019-12-04,5,8.71186440677966,11:51:21.107,0.338983050847458,0.525423728813559,5.25,0,NaN,ordered,NaN,79.1666666666667,NaN,fail_monkey_bidding_activity,NaN,1,0,0.35,1.50847457627119,1,7,0,NaN,NaN,NaN,NaN,0,BDM,NaN,NaN,1,11:51:09.607,1,24,1,BDM,12,20.9980097044155
4,4,0.566739438992052,0.680087326790462,1.2,1.20338983050847,NaN,25,0.433260561007948,20,2019-12-04,5,2,11:51:35.762,0.525423728813559,0.983050847457627,5.6,0,0.516851615252718,ordered,1,80,NaN,win_paid,1,1,0.35,0.35,1.50847457627119,1,8,0,NaN,NaN,NaN,NaN,0,BDM,NaN,NaN,0,11:51:26.223,1,25,1,BDM,12,21.6780970312059
3.30508474576271,4,NaN,0,1.2,1.20338983050847,NaN,26,0.470624715606541,20,2019-12-04,6,8.71186440677966,11:51:52.421,0.474576271186441,1.08474576271186,5.6,0,NaN,ordered,NaN,76.9230769230769,NaN,fail_monkey_bidding_activity,NaN,1,0,1.05,1.50847457627119,3,8,0,NaN,NaN,NaN,NaN,0,BDM,NaN,NaN,1,11:51:40.238,1,26,1,BDM,12,21.6780970312059
2.66101694915254,4,0.529375284393459,0.635250341272151,1.2,1.20338983050847,NaN,27,0.470624715606541,21,2019-12-04,6,2,11:52:05.789,0.525423728813559,0.813559322033898,6.65,0,0.613129772307577,ordered,1,77.7777777777778,NaN,win_paid,3,1,1.05,1.05,1.50847457627119,3,9,0,NaN,NaN,NaN,NaN,0,BDM,NaN,NaN,0,11:51:56.322,1,27,1,BDM,12,22.3133473724781
2.38983050847458,4,1,1.2,1.2,1.20338983050847,NaN,28,0.560713411044556,22,2019-12-04,6,2,11:52:18.788,0.372881355932203,1,6.65,0,0.553933148073086,ordered,0,78.5714285714286,NaN,lose,0,1,0,1.05,1.50847457627119,3,9,0,NaN,NaN,NaN,NaN,1,BDM,NaN,NaN,0,11:52:09.373,1,28,1,BDM,13,23.5133473724781
2.50847457627119,4,0.730908456469002,0.877090147762803,1.2,1.20338983050847,NaN,29,0.269091543530998,23,2019-12-04,6,2,11:52:32.082,0.627118644067797,0.983050847457627,7,0,0.342231113145343,ordered,1,79.3103448275862,NaN,win_paid,1,1,0.35,0.35,1.50847457627119,1,10,0,NaN,NaN,NaN,NaN,1,BDM,NaN,NaN,0,11:52:22.440,1,29,1,BDM,13,24.3904375202409
3.50847457627119,4,1,1.2,1.2,1.20338983050847,NaN,30,0.749018467641946,24,2019-12-04,6,2,11:52:45.934,0.711864406779661,0.491525423728814,7,0,0.368084840335036,ordered,0,80,NaN,lose,0,1,0,0.7,1.50847457627119,2,10,0,NaN,NaN,NaN,NaN,1,BDM,NaN,NaN,0,11:52:36.723,1,30,1,BDM,14,25.5904375202409
2.33898305084746,4,1,1.2,1.2,1.20338983050847,NaN,31,0.503887773460489,25,2019-12-04,6,2,11:52:59.135,0.305084745762712,1.35593220338983,7,0,0.109187298815266,ordered,0,80.6451612903226,NaN,lose,0,1,0,1.05,1.50847457627119,3,10,0,NaN,NaN,NaN,NaN,1,BDM,NaN,NaN,0,11:52:49.424,1,31,1,BDM,15,26.7904375202409
2.13559322033898,4,NaN,0,1.2,1.20338983050847,NaN,32,0.64680966627278,25,2019-12-04,7,8.71186440677966,11:53:13.936,0.305084745762712,0.491525423728814,7,0,NaN,ordered,NaN,78.125,NaN,fail_monkey_bidding_activity,NaN,1,0,0.7,1.50847457627119,2,10,0,NaN,NaN,NaN,NaN,0,BDM,NaN,NaN,1,11:53:02.440,1,32,1,BDM,15,26.7904375202409
4,4,NaN,0,1.2,1.20338983050847,NaN,33,0.64680966627278,25,2019-12-04,8,8.71186440677966,11:53:31.327,0.711864406779661,0.813559322033898,7,0,NaN,ordered,NaN,75.7575757575758,NaN,fail_monkey_bidding_activity,NaN,1,0,0.7,1.50847457627119,2,10,0,NaN,NaN,NaN,NaN,0,BDM,NaN,NaN,1,11:53:19.157,1,33,1,BDM,15,26.7904375202409
3.59322033898305,4,NaN,0,1.2,1.20338983050847,NaN,34,0.64680966627278,25,2019-12-04,9,8.71186440677966,11:53:47.611,0.491525423728814,0.525423728813559,7,0,NaN,ordered,NaN,73.5294117647059,NaN,fail_monkey_bidding_activity,NaN,1,0,0.7,1.50847457627119,2,10,0,NaN,NaN,NaN,NaN,0,BDM,NaN,NaN,1,11:53:36.057,1,34,1,BDM,15,26.7904375202409
3.4406779661017,4,1,1.2,1.2,1.20338983050847,NaN,35,0.64680966627278,26,2019-12-04,9,2,11:54:01.971,0.711864406779661,1.13559322033898,7,0,0.492850706210728,ordered,0,74.2857142857143,NaN,lose,0,1,0,0.7,1.50847457627119,2,10,0,NaN,NaN,NaN,NaN,0,BDM,NaN,NaN,0,11:53:52.223,1,35,1,BDM,16,27.9904375202409
2,4,0.692254417969059,0.830705301562871,1.2,1.20338983050847,NaN,36,0.307745582030941,27,2019-12-04,9,2,11:54:14.442,0.559322033898305,0.728813559322034,7.35,0,0.330101995007337,ordered,1,75,NaN,win_paid,1,1,0.35,0.35,1.50847457627119,1,11,0,NaN,NaN,NaN,NaN,1,BDM,NaN,NaN,0,11:54:05.172,1,36,1,BDM,16,28.8211428218037
2.27118644067797,4,0.861275363921855,1.03353043670623,1.2,1.20338983050847,NaN,37,0.138724636078145,28,2019-12-04,9,2,11:54:27.243,0.711864406779661,0.491525423728814,7.7,0,0.443209893160144,ordered,1,75.6756756756757,NaN,win_paid,1,1,0.35,0.35,1.50847457627119,1,12,0,NaN,NaN,NaN,NaN,1,BDM,NaN,NaN,0,11:54:17.974,1,37,1,BDM,16,29.85467325851
3.05084745762712,4,0.524427066202437,0.629312479442924,1.2,1.20338983050847,NaN,38,0.475572933797563,29,2019-12-04,9,2,11:54:40.541,0.372881355932203,0.491525423728814,8.75,0,0.501024797271192,ordered,1,76.3157894736842,NaN,win_paid,3,1,1.05,1.05,1.50847457627119,3,13,0,NaN,NaN,NaN,NaN,1,BDM,NaN,NaN,0,11:54:31.591,1,38,1,BDM,16,30.4839857379529
3.35593220338983,4,0.637540719181254,0.765048863017505,1.2,1.20338983050847,NaN,39,0.362459280818746,30,2019-12-04,9,2,11:54:54.415,0.542372881355932,0.779661016949153,9.45,0,0.451050086381141,ordered,1,76.9230769230769,NaN,win_paid,2,1,0.7,0.7,1.50847457627119,2,14,0,NaN,NaN,NaN,NaN,1,BDM,NaN,NaN,0,11:54:45.089,1,39,1,BDM,16,31.2490346009704
2.20338983050847,4,1,1.2,1.2,1.20338983050847,NaN,40,0.788113428398547,31,2019-12-04,9,2,11:55:07.671,0.559322033898305,1.05084745762712,9.45,0,0.510641230820315,ordered,0,77.5,NaN,lose,0,1,0,1.05,1.50847457627119,3,14,0,NaN,NaN,NaN,NaN,0,BDM,NaN,NaN,0,11:54:57.907,1,40,1,BDM,17,32.4490346009704
2.42372881355932,4,1,1.2,1.2,1.20338983050847,NaN,41,0.78029582084411,32,2019-12-04,9,2,11:55:20.452,0.610169491525424,0.491525423728814,9.45,0,0.198362930055494,ordered,0,78.0487804878049,NaN,lose,0,1,0,0.35,1.50847457627119,1,14,0,NaN,NaN,NaN,NaN,1,BDM,NaN,NaN,0,11:55:11.357,1,41,1,BDM,18,33.6490346009704
4,4,1,1.2,1.2,1.20338983050847,NaN,42,0.668512214253545,33,2019-12-04,9,2,11:55:34.904,0.423728813559322,0.830508474576271,9.45,0,0.31165955825212,ordered,0,78.5714285714286,NaN,lose,0,1,0,0.7,1.50847457627119,2,14,0,NaN,NaN,NaN,NaN,1,BDM,NaN,NaN,0,11:55:25.641,1,42,1,BDM,19,34.8490346009704
3.76271186440678,4,0.866496140338688,1.03979536840643,1.2,1.20338983050847,NaN,43,0.133503859661312,34,2019-12-04,9,2,11:55:49.312,0.305084745762712,1.15254237288136,9.8,0,0.363033054403357,ordered,1,79.0697674418605,NaN,win_paid,1,1,0.35,0.35,1.50847457627119,1,15,0,NaN,NaN,NaN,NaN,0,BDM,NaN,NaN,0,11:55:39.840,1,43,1,BDM,19,35.8888299693768
3.22033898305085,4,0.978444112796503,1.1741329353558,1.2,1.20338983050847,NaN,44,0.021555887203497,35,2019-12-04,9,2,11:56:03.382,0.593220338983051,0.864406779661017,10.85,0,0.338096567837341,ordered,1,79.5454545454545,NaN,win_paid,3,1,1.05,1.05,1.50847457627119,3,16,0,NaN,NaN,NaN,NaN,1,BDM,NaN,NaN,0,11:55:53.741,1,44,1,BDM,19,37.0629629047326
2,4,0.44015929412749,0.528191152952988,1.2,1.20338983050847,NaN,45,0.55984070587251,36,2019-12-04,9,2,11:56:16.325,0.711864406779661,1.08474576271186,11.55,0,0.664253903166619,ordered,1,80,NaN,win_paid,2,1,0.7,0.7,1.50847457627119,2,17,0,NaN,NaN,NaN,NaN,0,BDM,NaN,NaN,0,11:56:06.624,1,45,1,BDM,19,37.5911540576856
3.32203389830508,4,0.699180981930511,0.839017178316613,1.2,1.20338983050847,NaN,46,0.300819018069489,37,2019-12-04,9,2,11:56:30.306,0.610169491525424,0.491525423728814,12.6,0,0.546384614578606,ordered,1,80.4347826086957,NaN,win_paid,3,1,1.05,1.05,1.50847457627119,3,18,0,NaN,NaN,NaN,NaN,1,BDM,NaN,NaN,0,11:56:21.007,1,46,1,BDM,19,38.4301712360022
4,4,1,1.2,1.2,1.20338983050847,NaN,47,0.939409713873458,38,2019-12-04,9,2,11:56:45.356,0.474576271186441,1.20338983050847,12.6,0,0.491821353150199,ordered,0,80.8510638297872,NaN,lose,0,1,0,0.7,1.50847457627119,2,18,0,NaN,NaN,NaN,NaN,0,BDM,NaN,NaN,0,11:56:35.674,1,47,1,BDM,20,39.6301712360022
3.49152542372881,4,1,1.2,1.2,1.20338983050847,NaN,48,0.980903636046859,39,2019-12-04,9,2,11:56:59.788,0.389830508474576,1.06779661016949,12.6,0,0.343689345090026,ordered,0,81.25,NaN,lose,0,1,0,0.35,1.50847457627119,1,18,0,NaN,NaN,NaN,NaN,1,BDM,NaN,NaN,0,11:56:50.222,1,48,1,BDM,21,40.8301712360022
3.3728813559322,4,1,1.2,1.2,1.20338983050847,NaN,49,0.286620388894259,40,2019-12-04,9,2,11:57:14.655,0.711864406779661,1.42372881355932,12.6,0,0.282872188900391,ordered,0,81.6326530612245,NaN,lose,0,1,0,0.35,1.50847457627119,1,18,0,NaN,NaN,NaN,NaN,1,BDM,NaN,NaN,0,11:57:04.424,1,49,1,BDM,22,42.0301712360022
2.40677966101695,4,1,1.2,1.2,1.20338983050847,NaN,50,0.800820286951535,41,2019-12-04,9,2,11:57:27.505,0.576271186440678,0.559322033898305,12.6,0,0.434589742854572,ordered,0,82,NaN,lose,0,1,0,0.7,1.50847457627119,2,18,0,NaN,NaN,NaN,NaN,0,BDM,NaN,NaN,0,11:57:18.308,1,50,1,BDM,23,43.2301712360022
3.08474576271186,4,NaN,0,1.2,1.20338983050847,NaN,51,0.896111351432604,41,2019-12-04,10,8.71186440677966,11:57:44.622,0.627118644067797,1.50847457627119,12.6,0,NaN,ordered,NaN,80.3921568627451,NaN,fail_monkey_bidding_activity,NaN,1,0,1.05,1.50847457627119,3,18,0,NaN,NaN,NaN,NaN,0,BDM,NaN,NaN,1,11:57:31.874,1,51,1,BDM,23,43.2301712360022
3.5593220338983,4,1,1.2,1.2,1.20338983050847,NaN,52,0.896111351432604,42,2019-12-04,10,2,11:57:58.422,0.389830508474576,0.491525423728814,12.6,0,0.469844836366099,ordered,0,80.7692307692308,NaN,lose,0,1,0,1.05,1.50847457627119,3,18,0,NaN,NaN,NaN,NaN,0,BDM,NaN,NaN,0,11:57:49.475,1,52,1,BDM,24,44.4301712360022
3.11864406779661,4,NaN,0,1.2,1.20338983050847,NaN,53,0.59752657681783,42,2019-12-04,11,8.71186440677966,11:58:15.605,0.508474576271186,1.50847457627119,12.6,0,NaN,ordered,NaN,79.2452830188679,NaN,fail_monkey_bidding_activity,NaN,1,0,1.05,1.50847457627119,3,18,0,NaN,NaN,NaN,NaN,1,BDM,NaN,NaN,1,11:58:02.974,1,53,1,BDM,24,44.4301712360022
2.76271186440678,4,1,1.2,1.2,1.20338983050847,NaN,54,0.59752657681783,43,2019-12-04,11,2,11:58:28.988,0.355932203389831,0.932203389830508,12.6,0,0.397438343273939,ordered,0,79.6296296296296,NaN,lose,0,1,0,1.05,1.50847457627119,3,18,0,NaN,NaN,NaN,NaN,1,BDM,NaN,NaN,0,11:58:19.675,1,54,1,BDM,25,45.6301712360022
2.6271186440678,4,1,1.2,1.2,1.20338983050847,NaN,55,0.88401673572382,44,2019-12-04,11,2,11:58:41.973,0.305084745762712,0.76271186440678,12.6,0,0.365194692187641,ordered,0,80,NaN,lose,0,1,0,0.35,1.50847457627119,1,18,0,NaN,NaN,NaN,NaN,0,BDM,NaN,NaN,0,11:58:32.908,1,55,1,BDM,26,46.8301712360022
2.66101694915254,4,1,1.2,1.2,1.20338983050847,NaN,56,0.943731541195791,45,2019-12-04,11,2,11:58:55.572,0.305084745762712,1.35593220338983,12.6,0,0.484641051961313,ordered,0,80.3571428571429,NaN,lose,0,1,0,0.7,1.50847457627119,2,18,0,NaN,NaN,NaN,NaN,1,BDM,NaN,NaN,0,11:58:45.941,1,56,1,BDM,27,48.0301712360022
2.59322033898305,4,1,1.2,1.2,1.20338983050847,NaN,57,0.549158087419903,46,2019-12-04,11,2,11:59:09.735,0.711864406779661,1.50847457627119,12.6,0,0.457380545728167,ordered,0,80.7017543859649,NaN,lose,0,1,0,1.05,1.50847457627119,3,18,0,NaN,NaN,NaN,NaN,1,BDM,NaN,NaN,0,11:58:59.492,1,57,1,BDM,28,49.2301712360022
3.96610169491525,4,1,1.2,1.2,1.20338983050847,NaN,58,0.728386824594357,47,2019-12-04,11,2,11:59:24.622,0.338983050847458,1.16949152542373,12.6,0,0.322810791306358,ordered,0,81.0344827586207,NaN,lose,0,1,0,0.35,1.50847457627119,1,18,0,NaN,NaN,NaN,NaN,1,BDM,NaN,NaN,0,11:59:14.991,1,58,1,BDM,29,50.4301712360023
3.15254237288136,4,1,1.2,1.2,1.20338983050847,NaN,59,0.57675829785801,48,2019-12-04,11,2,11:59:38.906,0.559322033898305,1.03389830508475,12.6,0,0.485456572336318,ordered,0,81.3559322033898,NaN,lose,0,1,0,0.7,1.50847457627119,2,18,0,NaN,NaN,NaN,NaN,0,BDM,NaN,NaN,0,11:59:29.091,1,59,1,BDM,30,51.6301712360023
3,4,0.97414252891686,1.16897103470023,1.2,1.20338983050847,NaN,60,0.0258574710831396,49,2019-12-04,11,2,11:59:52.349,0.305084745762712,0.627118644067797,12.95,0,0.33162086030721,ordered,1,81.6666666666667,NaN,win_paid,1,1,0.35,0.35,1.50847457627119,1,19,0,NaN,NaN,NaN,NaN,0,BDM,NaN,NaN,0,11:59:43.225,1,60,1,BDM,30,52.7991422707025
2.06779661016949,4,0.553469021715186,0.664162826058223,1.2,1.20338983050847,NaN,61,0.446530978284814,50,2019-12-04,11,2,12:00:05.382,0.491525423728814,1,14,0,0.54438660725507,ordered,1,81.9672131147541,NaN,win_paid,3,1,1.05,1.05,1.50847457627119,3,20,0,NaN,NaN,NaN,NaN,0,BDM,NaN,NaN,0,11:59:55.758,1,61,1,BDM,30,53.4633050967607
2.96610169491525,4,NaN,0,1.2,1.20338983050847,NaN,62,0.646301957350656,50,2019-12-04,12,8.71186440677966,12:00:21.789,0.423728813559322,1.01694915254237,14,0,NaN,ordered,NaN,80.6451612903226,NaN,fail_monkey_bidding_activity,NaN,1,0,0.7,1.50847457627119,2,20,0,NaN,NaN,NaN,NaN,0,BDM,NaN,NaN,1,12:00:09.692,1,62,1,BDM,30,53.4633050967607
2,4,1,1.2,1.2,1.20338983050847,NaN,63,0.646301957350656,51,2019-12-04,12,2,12:00:35.086,0.305084745762712,1.50847457627119,14,0,0.557579394448647,ordered,0,80.9523809523809,NaN,lose,0,1,0,0.7,1.50847457627119,2,20,0,NaN,NaN,NaN,NaN,0,BDM,NaN,NaN,0,12:00:25.158,1,63,1,BDM,31,54.6633050967607
2.69491525423729,4,1,1.2,1.2,1.20338983050847,NaN,64,0.521202952672418,52,2019-12-04,12,2,12:00:48.089,0.389830508474576,0.491525423728814,14,0,0.421963095904768,ordered,0,81.25,NaN,lose,0,1,0,1.05,1.50847457627119,3,20,0,NaN,NaN,NaN,NaN,0,BDM,NaN,NaN,0,12:00:39.141,1,64,1,BDM,32,55.8633050967607
3.6271186440678,4,1,1.2,1.2,1.20338983050847,NaN,65,0.372312660779512,53,2019-12-04,12,2,12:01:03.039,0.474576271186441,1.45762711864407,14,0,0.331037563890895,ordered,0,81.5384615384615,NaN,lose,0,1,0,0.35,1.50847457627119,1,20,0,NaN,NaN,NaN,NaN,0,BDM,NaN,NaN,0,12:00:53.075,1,65,1,BDM,33,57.0633050967607
2.28813559322034,4,1,1.2,1.2,1.20338983050847,NaN,66,0.937134666341562,54,2019-12-04,12,2,12:01:16.689,0.474576271186441,1.3728813559322,14,0,0.413341721946806,ordered,0,81.8181818181818,NaN,lose,0,1,0,0.7,1.50847457627119,2,20,0,NaN,NaN,NaN,NaN,1,BDM,NaN,NaN,0,12:01:06.692,1,66,1,BDM,34,58.2633050967607
3.1864406779661,4,1,1.2,1.2,1.20338983050847,NaN,67,0.829532824526515,55,2019-12-04,12,2,12:01:30.819,0.305084745762712,1.05084745762712,14,0,0.509654146638084,ordered,0,82.089552238806,NaN,lose,0,1,0,0.7,1.50847457627119,2,20,0,NaN,NaN,NaN,NaN,1,BDM,NaN,NaN,0,12:01:21.275,1,67,1,BDM,35,59.4633050967607
2.42372881355932,4,1,1.2,1.2,1.20338983050847,NaN,68,0.849085479954455,56,2019-12-04,12,2,12:01:44.702,0.423728813559322,1.50847457627119,14,0,0.362518379764146,ordered,0,82.3529411764706,NaN,lose,0,1,0,1.05,1.50847457627119,3,20,0,NaN,NaN,NaN,NaN,0,BDM,NaN,NaN,0,12:01:34.642,1,68,1,BDM,36,60.6633050967607
2.54237288135593,4,1,1.2,1.2,1.20338983050847,NaN,69,0.372534239899539,57,2019-12-04,12,2,12:01:58.155,0.305084745762712,0.949152542372881,14,0,0.325469931715329,ordered,0,82.6086956521739,NaN,lose,0,1,0,0.35,1.50847457627119,1,20,0,NaN,NaN,NaN,NaN,1,BDM,NaN,NaN,0,12:01:48.657,1,69,1,BDM,37,61.8633050967607
3.10169491525424,4,1,1.2,1.2,1.20338983050847,NaN,70,0.59318457521849,58,2019-12-04,12,2,12:02:12.523,0.711864406779661,0.88135593220339,14,0,0.484066948701656,ordered,0,82.8571428571429,NaN,lose,0,1,0,1.05,1.50847457627119,3,20,0,NaN,NaN,NaN,NaN,0,BDM,NaN,NaN,0,12:02:02.675,1,70,1,BDM,38,63.0633050967607
4,4,1,1.2,1.2,1.20338983050847,NaN,71,0.872552564647559,59,2019-12-04,12,2,12:02:27.957,0.711864406779661,1.08474576271186,14,0,0.534316175985628,ordered,0,83.0985915492958,NaN,lose,0,1,0,0.7,1.50847457627119,2,20,0,NaN,NaN,NaN,NaN,0,BDM,NaN,NaN,0,12:02:17.908,1,71,1,BDM,39,64.2633050967607
2.03389830508475,4,1,1.2,1.2,1.20338983050847,NaN,72,0.933501608507105,60,2019-12-04,12,2,12:02:40.472,0.305084745762712,0.644067796610169,14,0,0.402190479498655,ordered,0,83.3333333333333,NaN,lose,0,1,0,0.35,1.50847457627119,1,20,0,NaN,NaN,NaN,NaN,1,BDM,NaN,NaN,0,12:02:31.442,1,72,1,BDM,40,65.4633050967607
3.98305084745763,4,1,1.2,1.2,1.20338983050847,NaN,73,0.668464274361376,61,2019-12-04,12,2,12:02:55.503,0.610169491525424,0.491525423728814,14,0,0.308872320670086,ordered,0,83.5616438356164,NaN,lose,0,1,0,0.35,1.50847457627119,1,20,0,NaN,NaN,NaN,NaN,0,BDM,NaN,NaN,0,12:02:46.192,1,73,1,BDM,41,66.6633050967607
2,4,0.793223542064895,0.951868250477874,1.2,1.20338983050847,NaN,74,0.206776457935105,62,2019-12-04,12,2,12:03:08.281,0.644067796610169,0.491525423728814,14.7,0,0.336775586180846,ordered,1,83.7837837837838,NaN,win_paid,2,1,0.7,0.7,1.50847457627119,2,21,0,NaN,NaN,NaN,NaN,1,BDM,NaN,NaN,0,12:02:58.959,1,74,1,BDM,41,67.6151733472386
4,4,1,1.2,1.2,1.20338983050847,NaN,75,0.653850592062588,63,2019-12-04,12,2,12:03:23.589,0.711864406779661,1.01694915254237,14.7,0,0.472589739669578,ordered,0,84,NaN,lose,0,1,0,1.05,1.50847457627119,3,21,0,NaN,NaN,NaN,NaN,0,BDM,NaN,NaN,0,12:03:13.692,1,75,1,BDM,42,68.8151733472386
3.67796610169492,4,0.92794844877935,1.11353813853522,1.2,1.20338983050847,NaN,76,0.0720515512206499,64,2019-12-04,12,2,12:03:38.359,0.491525423728814,0.949152542372881,15.75,0,0.292299856205079,ordered,1,84.2105263157895,NaN,win_paid,3,1,1.05,1.05,1.50847457627119,3,22,0,NaN,NaN,NaN,NaN,0,BDM,NaN,NaN,0,12:03:28.692,1,76,1,BDM,42,69.9287114857738
2.32203389830508,4,1,1.2,1.2,1.20338983050847,NaN,77,0.406726915089364,65,2019-12-04,12,2,12:03:51.507,0.423728813559322,0.813559322033898,15.75,0,0.36966316249154,ordered,0,84.4155844155844,NaN,lose,0,1,0,0.35,1.50847457627119,1,22,0,NaN,NaN,NaN,NaN,1,BDM,NaN,NaN,0,12:03:42.157,1,77,1,BDM,43,71.1287114857738
2.8135593220339,4,1,1.2,1.2,1.20338983050847,NaN,78,0.666931533207499,66,2019-12-04,12,2,12:04:05.189,0.457627118644068,0.491525423728814,15.75,0,0.489513285983896,ordered,0,84.6153846153846,NaN,lose,0,1,0,0.7,1.50847457627119,2,22,0,NaN,NaN,NaN,NaN,1,BDM,NaN,NaN,0,12:03:56.224,1,78,1,BDM,44,72.3287114857738
3.27118644067797,4,1,1.2,1.2,1.20338983050847,NaN,79,0.93372565954593,67,2019-12-04,12,2,12:04:20.273,0.711864406779661,1.13559322033898,15.75,0,0.408032611347338,ordered,0,84.8101265822785,NaN,lose,0,1,0,0.7,1.50847457627119,2,22,0,NaN,NaN,NaN,NaN,0,BDM,NaN,NaN,0,12:04:10.326,1,79,1,BDM,45,73.5287114857738
3.22033898305085,4,1,1.2,1.2,1.20338983050847,NaN,80,0.810950032238265,68,2019-12-04,12,2,12:04:34.539,0.711864406779661,0.694915254237288,15.75,0,0.405167603991089,ordered,0,85,NaN,lose,0,1,0,0.35,1.50847457627119,1,22,0,NaN,NaN,NaN,NaN,0,BDM,NaN,NaN,0,12:04:24.976,1,80,1,BDM,46,74.7287114857738
2,4,1,1.2,1.2,1.20338983050847,NaN,81,0.48454827183499,69,2019-12-04,12,2,12:04:47.874,0.576271186440678,0.711864406779661,15.75,0,0.410493860870545,ordered,0,85.1851851851852,NaN,lose,0,1,0,1.05,1.50847457627119,3,22,0,NaN,NaN,NaN,NaN,1,BDM,NaN,NaN,0,12:04:38.443,1,81,1,BDM,47,75.9287114857738
2,4,1,1.2,1.2,1.20338983050847,NaN,82,0.756749210065512,70,2019-12-04,12,2,12:05:01.090,0.627118644067797,1.01694915254237,15.75,0,0.188395440125992,ordered,0,85.3658536585366,NaN,lose,0,1,0,0.35,1.50847457627119,1,22,0,NaN,NaN,NaN,NaN,1,BDM,NaN,NaN,0,12:04:51.392,1,82,1,BDM,48,77.1287114857738
3,4,1,1.2,1.2,1.20338983050847,NaN,83,0.417047453742767,71,2019-12-04,12,2,12:05:15.557,0.711864406779661,1.1864406779661,15.75,0,0.40829793312775,ordered,0,85.5421686746988,NaN,lose,0,1,0,0.7,1.50847457627119,2,22,0,NaN,NaN,NaN,NaN,1,BDM,NaN,NaN,0,12:05:05.613,1,83,1,BDM,49,78.3287114857739
2,4,1,1.2,1.2,1.20338983050847,NaN,84,0.971785992989294,72,2019-12-04,12,2,12:05:28.959,0.559322033898305,0.966101694915254,15.75,0,0.387264960678258,ordered,0,85.7142857142857,NaN,lose,0,1,0,1.05,1.50847457627119,3,22,0,NaN,NaN,NaN,NaN,1,BDM,NaN,NaN,0,12:05:19.293,1,84,1,BDM,50,79.5287114857739
2,4,1,1.2,1.2,1.20338983050847,NaN,85,0.987974701230832,73,2019-12-04,12,2,12:05:43.105,0.711864406779661,1.28813559322034,15.75,0,0.622316003067443,ordered,0,85.8823529411765,NaN,lose,0,1,0,0.35,1.50847457627119,1,22,0,NaN,NaN,NaN,NaN,1,BDM,NaN,NaN,0,12:05:32.959,1,85,1,BDM,51,80.7287114857739
4,4,NaN,0,1.2,1.20338983050847,NaN,86,0.864147529031203,73,2019-12-04,13,8.71186440677966,12:06:01.007,0.576271186440678,0.644067796610169,15.75,0,NaN,ordered,NaN,84.8837209302326,NaN,fail_monkey_bidding_activity,NaN,1,0,1.05,1.50847457627119,3,22,0,NaN,NaN,NaN,NaN,0,BDM,NaN,NaN,1,12:05:49.075,1,86,1,BDM,51,80.7287114857739
3.94915254237288,4,1,1.2,1.2,1.20338983050847,NaN,87,0.864147529031203,74,2019-12-04,13,2,12:06:15.974,0.508474576271186,0.796610169491525,15.75,0,0.503384342574076,ordered,0,85.0574712643678,NaN,lose,0,1,0,1.05,1.50847457627119,3,22,0,NaN,NaN,NaN,NaN,0,BDM,NaN,NaN,0,12:06:06.509,1,87,1,BDM,52,81.9287114857739
3.10169491525424,4,0.611116224087571,0.733339468905086,1.2,1.20338983050847,NaN,88,0.388883775912429,75,2019-12-04,13,2,12:06:30.378,0.711864406779661,0.898305084745763,16.45,0,0.544205832591194,ordered,1,85.2272727272727,NaN,win_paid,2,1,0.7,0.7,1.50847457627119,2,23,0,NaN,NaN,NaN,NaN,1,BDM,NaN,NaN,0,12:06:20.626,1,88,1,BDM,52,82.6620509546789
2.35593220338983,4,0.545258171960888,0.654309806353066,1.2,1.20338983050847,NaN,89,0.454741828039112,76,2019-12-04,13,2,12:06:44.329,0.305084745762712,0.983050847457627,17.5,0,0.994630247620731,ordered,1,85.3932584269663,NaN,win_paid,3,1,1.05,1.05,1.50847457627119,3,24,0,NaN,NaN,NaN,NaN,1,BDM,NaN,NaN,0,12:06:34.776,1,89,1,BDM,52,83.316360761032
2.67796610169492,4,1,1.2,1.2,1.20338983050847,NaN,90,0.246687197638079,77,2019-12-04,13,2,12:06:58.603,0.406779661016949,1.50847457627119,17.5,0,0.24186989321705,ordered,0,85.5555555555556,NaN,lose,0,1,0,0.35,1.50847457627119,1,24,0,NaN,NaN,NaN,NaN,1,BDM,NaN,NaN,0,12:06:48.592,1,90,1,BDM,53,84.516360761032
2,4,NaN,0,1.2,1.20338983050847,NaN,91,0.784423093024177,77,2019-12-04,14,8.71186440677966,12:07:14.091,0.440677966101695,0.898305084745763,17.5,0,NaN,ordered,NaN,84.6153846153846,NaN,fail_monkey_bidding_activity,NaN,1,0,0.7,1.50847457627119,2,24,0,NaN,NaN,NaN,NaN,0,BDM,NaN,NaN,1,12:07:02.192,1,91,1,BDM,53,84.516360761032
2.32203389830508,4,NaN,0,1.2,1.20338983050847,NaN,92,0.784423093024177,77,2019-12-04,15,8.71186440677966,12:07:30.858,0.711864406779661,1,17.5,0,NaN,ordered,NaN,83.695652173913,NaN,fail_monkey_bidding_activity,NaN,1,0,0.7,1.50847457627119,2,24,0,NaN,NaN,NaN,NaN,0,BDM,NaN,NaN,1,12:07:18.560,1,92,1,BDM,53,84.516360761032
3.61016949152542,4,NaN,0,1.2,1.20338983050847,NaN,93,0.784423093024177,77,2019-12-04,16,8.71186440677966,12:07:48.412,0.711864406779661,0.491525423728814,17.5,0,NaN,ordered,NaN,82.7956989247312,NaN,fail_monkey_bidding_activity,NaN,1,0,0.7,1.50847457627119,2,24,0,NaN,NaN,NaN,NaN,0,BDM,NaN,NaN,1,12:07:36.560,1,93,1,BDM,53,84.516360761032
2,4,NaN,0,1.2,1.20338983050847,NaN,94,0.784423093024177,77,2019-12-04,17,8.71186440677966,12:08:03.874,0.559322033898305,0.677966101694915,17.5,0,NaN,ordered,NaN,81.9148936170213,NaN,fail_monkey_bidding_activity,NaN,1,0,0.7,1.50847457627119,2,24,0,NaN,NaN,NaN,NaN,0,BDM,NaN,NaN,1,12:07:52.010,1,94,1,BDM,53,84.516360761032
3.16949152542373,4,NaN,0,1.2,1.20338983050847,NaN,95,0.784423093024177,77,2019-12-04,18,8.71186440677966,12:08:20.208,0.372881355932203,0.491525423728814,17.5,0,NaN,ordered,NaN,81.0526315789474,NaN,fail_monkey_bidding_activity,NaN,1,0,0.7,1.50847457627119,2,24,0,NaN,NaN,NaN,NaN,0,BDM,NaN,NaN,1,12:08:08.710,1,95,1,BDM,53,84.516360761032
2.33898305084746,4,NaN,0,1.2,1.20338983050847,NaN,96,0.784423093024177,77,2019-12-04,19,8.71186440677966,12:08:37.141,0.610169491525424,1.1864406779661,17.5,0,NaN,ordered,NaN,80.2083333333333,NaN,fail_monkey_bidding_activity,NaN,1,0,0.7,1.50847457627119,2,24,0,NaN,NaN,NaN,NaN,0,BDM,NaN,NaN,1,12:08:24.727,1,96,1,BDM,53,84.516360761032
3.40677966101695,4,NaN,0,1.2,1.20338983050847,NaN,97,0.784423093024177,77,2019-12-04,20,8.71186440677966,12:08:54.380,0.711864406779661,0.847457627118644,17.5,0,NaN,ordered,NaN,79.3814432989691,NaN,fail_monkey_bidding_activity,NaN,1,0,0.7,1.50847457627119,2,24,0,NaN,NaN,NaN,NaN,0,BDM,NaN,NaN,1,12:08:42.227,1,97,1,BDM,53,84.516360761032
3.40677966101695,4,1,1.2,1.2,1.20338983050847,NaN,98,0.784423093024177,78,2019-12-04,20,2,12:09:09.357,0.711864406779661,1.1864406779661,17.5,0,0.437506216623499,ordered,0,79.5918367346939,NaN,lose,0,1,0,0.7,1.50847457627119,2,24,0,NaN,NaN,NaN,NaN,0,BDM,NaN,NaN,0,12:08:59.410,1,98,1,BDM,54,85.716360761032
3.64406779661017,4,1,1.2,1.2,1.20338983050847,NaN,99,0.882837605583052,79,2019-12-04,20,2,12:09:24.524,0.559322033898305,1.35593220338983,17.5,0,0.640476026267958,ordered,0,79.7979797979798,NaN,lose,0,1,0,0.7,1.50847457627119,2,24,0,NaN,NaN,NaN,NaN,0,BDM,NaN,NaN,0,12:09:14.610,1,99,1,BDM,55,86.916360761032
4,4,1,1.2,1.2,1.20338983050847,NaN,100,0.913711681293018,80,2019-12-04,20,2,12:09:39.641,0.610169491525424,0.966101694915254,17.5,0,0.550930886243339,ordered,0,80,NaN,lose,0,1,0,0.35,1.50847457627119,1,24,0,NaN,NaN,NaN,NaN,1,BDM,NaN,NaN,0,12:09:30.160,1,100,1,BDM,56,88.116360761032
3.22033898305085,4,NaN,0,1.2,1.20338983050847,NaN,101,0.558284923622275,80,2019-12-04,21,8.71186440677966,12:09:56.810,0.525423728813559,0.644067796610169,17.5,0,NaN,ordered,NaN,79.2079207920792,NaN,fail_monkey_bidding_activity,NaN,1,0,1.05,1.50847457627119,3,24,0,NaN,NaN,NaN,NaN,1,BDM,NaN,NaN,1,12:09:45.061,1,101,1,BDM,56,88.116360761032
2.69491525423729,4,0.441715076377725,0.53005809165327,1.2,1.20338983050847,NaN,102,0.558284923622275,81,2019-12-04,21,2,12:10:11.011,0.457627118644068,1.23728813559322,18.55,0,0.575720953674255,ordered,1,79.4117647058823,NaN,win_paid,3,1,1.05,1.05,1.50847457627119,3,25,0,NaN,NaN,NaN,NaN,1,BDM,NaN,NaN,0,12:10:01.160,1,102,1,BDM,56,88.6464188526853
2.66101694915254,4,1,1.2,1.2,1.20338983050847,NaN,103,0.598868102746205,82,2019-12-04,21,2,12:10:25.304,0.542372881355932,1.44067796610169,18.55,0,0.337513261670726,ordered,0,79.6116504854369,NaN,lose,0,1,0,0.35,1.50847457627119,1,25,0,NaN,NaN,NaN,NaN,1,BDM,NaN,NaN,0,12:10:15.309,1,103,1,BDM,57,89.8464188526853
3.72881355932203,4,0.851123279662451,1.02134793559494,1.2,1.20338983050847,NaN,104,0.148876720337549,83,2019-12-04,21,2,12:10:40.694,0.711864406779661,1.1864406779661,19.6,0,0.415152258430185,ordered,1,79.8076923076923,NaN,win_paid,3,1,1.05,1.05,1.50847457627119,3,26,0,NaN,NaN,NaN,NaN,0,BDM,NaN,NaN,0,12:10:30.644,1,104,1,BDM,57,90.8677667882802
3.72881355932203,4,1,1.2,1.2,1.20338983050847,NaN,105,0.899713484535739,84,2019-12-04,21,2,12:10:55.975,0.694915254237288,1.23728813559322,19.6,0,0.558728811454521,ordered,0,80,NaN,lose,0,1,0,0.7,1.50847457627119,2,26,0,NaN,NaN,NaN,NaN,0,BDM,NaN,NaN,0,12:10:46.078,1,105,1,BDM,58,92.0677667882803
2.22033898305085,4,0.549606419347884,0.659527703217461,1.2,1.20338983050847,NaN,106,0.450393580652116,85,2019-12-04,21,2,12:11:09.480,0.711864406779661,0.813559322033898,19.95,0,0.483758144447963,ordered,1,80.188679245283,NaN,win_paid,1,1,0.35,0.35,1.50847457627119,1,27,0,NaN,NaN,NaN,NaN,0,BDM,NaN,NaN,0,12:10:59.911,1,106,1,BDM,58,92.7272944914977
3.69491525423729,4,0.794327660536037,0.953193192643244,1.2,1.20338983050847,NaN,107,0.205672339463963,86,2019-12-04,21,2,12:11:24.466,0.525423728813559,1.01694915254237,21,0,0.473524106548305,ordered,1,80.3738317757009,NaN,win_paid,3,1,1.05,1.05,1.50847457627119,3,28,0,NaN,NaN,NaN,NaN,1,BDM,NaN,NaN,0,12:11:14.811,1,107,1,BDM,58,93.680487684141
3.22033898305085,4,1,1.2,1.2,1.20338983050847,NaN,108,0.899650990509081,87,2019-12-04,21,2,12:11:39.192,0.661016949152542,1.27118644067797,21,0,0.34425547473103,ordered,0,80.5555555555556,NaN,lose,0,1,0,0.7,1.50847457627119,2,28,0,NaN,NaN,NaN,NaN,1,BDM,NaN,NaN,0,12:11:29.311,1,108,1,BDM,59,94.880487684141
2.94915254237288,4,1,1.2,1.2,1.20338983050847,NaN,109,0.762585539373227,88,2019-12-04,21,2,12:11:53.775,0.677966101694915,1.27118644067797,21,0,0.592499281561812,ordered,0,80.7339449541284,NaN,lose,0,1,0,1.05,1.50847457627119,3,28,0,NaN,NaN,NaN,NaN,1,BDM,NaN,NaN,0,12:11:43.794,1,109,1,BDM,60,96.080487684141
2.8135593220339,4,NaN,0,1.2,1.20338983050847,NaN,110,0.882486307400298,88,2019-12-04,22,8.71186440677966,12:12:10.731,0.525423728813559,0.864406779661017,21,0,NaN,ordered,NaN,80,NaN,fail_monkey_bidding_activity,NaN,1,0,0.35,1.50847457627119,1,28,0,NaN,NaN,NaN,NaN,1,BDM,NaN,NaN,1,12:11:58.726,1,110,1,BDM,60,96.080487684141
2.57627118644068,4,NaN,0,1.2,1.20338983050847,NaN,111,0.882486307400298,88,2019-12-04,23,10.6101694915254,12:12:27.114,0.559322033898305,0.491525423728814,21,0,NaN,ordered,NaN,79.2792792792793,NaN,fail_monkey_touching_joystick,NaN,1,0,0.35,1.50847457627119,1,28,0,NaN,NaN,NaN,NaN,1,BDM,NaN,NaN,1,12:12:15.511,1,111,1,BDM,60,96.080487684141
4,4,1,1.2,1.2,1.20338983050847,NaN,112,0.882486307400298,89,2019-12-04,23,2,12:12:42.721,0.525423728813559,1.50847457627119,21,0,0.39906814259338,ordered,0,79.4642857142857,NaN,lose,0,1,0,0.35,1.50847457627119,1,28,0,NaN,NaN,NaN,NaN,1,BDM,NaN,NaN,0,12:12:32.778,1,112,1,BDM,61,97.280487684141
2.3728813559322,4,0.715049781975179,0.858059738370215,1.2,1.20338983050847,NaN,113,0.284950218024821,90,2019-12-04,23,2,12:12:56.667,0.355932203389831,0.898305084745763,21.7,0,0.579229963163608,ordered,1,79.646017699115,NaN,win_paid,2,1,0.7,0.7,1.50847457627119,2,29,0,NaN,NaN,NaN,NaN,0,BDM,NaN,NaN,0,12:12:47.343,1,113,1,BDM,61,98.1385474225112
2.6271186440678,4,1,1.2,1.2,1.20338983050847,NaN,114,0.673225986452258,91,2019-12-04,23,2,12:13:10.841,0.508474576271186,1.27118644067797,21.7,0,0.578423640927076,ordered,0,79.8245614035088,NaN,lose,0,1,0,1.05,1.50847457627119,3,29,0,NaN,NaN,NaN,NaN,0,BDM,NaN,NaN,0,12:13:00.961,1,114,1,BDM,62,99.3385474225112
2.13559322033898,4,1,1.2,1.2,1.20338983050847,NaN,115,0.664279904418051,92,2019-12-04,23,2,12:13:23.510,0.389830508474576,0.491525423728814,21.7,0,0.347815899248648,ordered,0,80,NaN,lose,0,1,0,0.35,1.50847457627119,1,29,0,NaN,NaN,NaN,NaN,0,BDM,NaN,NaN,0,12:13:14.644,1,115,1,BDM,63,100.538547422511
2,4,0.877185006100474,1.05262200732057,1.2,1.20338983050847,NaN,116,0.122814993899526,93,2019-12-04,23,2,12:13:36.384,0.593220338983051,0.491525423728814,22.4,0,0.407843902522513,ordered,1,80.1724137931034,NaN,win_paid,2,1,0.7,0.7,1.50847457627119,2,30,0,NaN,NaN,NaN,NaN,0,BDM,NaN,NaN,0,12:13:27.178,1,116,1,BDM,63,101.591169429832
2.84745762711864,4,0.592681576943187,0.711217892331825,1.2,1.20338983050847,NaN,117,0.407318423056813,94,2019-12-04,23,2,12:13:49.992,0.305084745762712,0.745762711864407,23.1,0,0.548795636511494,ordered,1,80.3418803418803,NaN,win_paid,2,1,0.7,0.7,1.50847457627119,2,31,0,NaN,NaN,NaN,NaN,0,BDM,NaN,NaN,0,12:13:40.892,1,117,1,BDM,63,102.302387322164
3.01694915254237,4,0.72471304868431,0.869655658421172,1.2,1.20338983050847,NaN,118,0.27528695131569,95,2019-12-04,23,2,12:14:03.737,0.440677966101695,0.491525423728814,23.45,0,0.466688161125713,ordered,1,80.5084745762712,NaN,win_paid,1,1,0.35,0.35,1.50847457627119,1,32,0,NaN,NaN,NaN,NaN,0,BDM,NaN,NaN,0,12:13:54.644,1,118,1,BDM,63,103.172042980585
3.06779661016949,4,1,1.2,1.2,1.20338983050847,NaN,119,0.716669740639142,96,2019-12-04,23,2,12:14:18.691,0.661016949152542,1.47457627118644,23.45,0,0.614235630615635,ordered,0,80.672268907563,NaN,lose,0,1,0,1.05,1.50847457627119,3,32,0,NaN,NaN,NaN,NaN,1,BDM,NaN,NaN,0,12:14:08.561,1,119,1,BDM,64,104.372042980585
2.94915254237288,4,0.716615618371064,0.859938742045276,1.2,1.20338983050847,NaN,120,0.283384381628936,97,2019-12-04,23,2,12:14:32.301,0.542372881355932,0.491525423728814,23.8,0,0.349230655703976,ordered,1,80.8333333333333,NaN,win_paid,1,1,0.35,0.35,1.50847457627119,1,33,0,NaN,NaN,NaN,NaN,1,BDM,NaN,NaN,0,12:14:23.310,1,120,1,BDM,64,105.23198172263
4,4,1,1.2,1.2,1.20338983050847,NaN,121,0.896198856849495,98,2019-12-04,23,2,12:14:47.709,0.711864406779661,1.01694915254237,23.8,0,0.631288452683834,ordered,0,80.9917355371901,NaN,lose,0,1,0,0.7,1.50847457627119,2,33,0,NaN,NaN,NaN,NaN,1,BDM,NaN,NaN,0,12:14:37.959,1,121,1,BDM,65,106.43198172263
2,4,1,1.2,1.2,1.20338983050847,NaN,122,0.82657889231356,99,2019-12-04,23,2,12:15:01.392,0.627118644067797,1.44067796610169,23.8,0,0.410047813272122,ordered,0,81.1475409836066,NaN,lose,0,1,0,1.05,1.50847457627119,3,33,0,NaN,NaN,NaN,NaN,1,BDM,NaN,NaN,0,12:14:51.376,1,122,1,BDM,66,107.63198172263
2.15254237288136,4,0.609973487186002,0.731968184623203,1.2,1.20338983050847,NaN,123,0.390026512813998,100,2019-12-04,23,2,12:15:14.113,0.355932203389831,0.491525423728814,24.85,0,0.412827039033846,ordered,1,81.3008130081301,NaN,win_paid,3,1,1.05,1.05,1.50847457627119,3,34,0,NaN,NaN,NaN,NaN,1,BDM,NaN,NaN,0,12:15:05.212,1,123,1,BDM,66,108.363949907253
3.16949152542373,4,1,1.2,1.2,1.20338983050847,NaN,124,0.497902942964187,101,2019-12-04,23,2,12:15:28.275,0.305084745762712,1.03389830508475,24.85,0,0.339323786425976,ordered,0,81.4516129032258,NaN,lose,0,1,0,0.35,1.50847457627119,1,34,0,NaN,NaN,NaN,NaN,0,BDM,NaN,NaN,0,12:15:18.962,1,124,1,BDM,67,109.563949907253
4,4,NaN,0,1.2,1.20338983050847,NaN,125,0.694805192672494,101,2019-12-04,24,8.71186440677966,12:15:46.176,0.559322033898305,1.06779661016949,24.85,0,NaN,ordered,NaN,80.8,NaN,fail_monkey_bidding_activity,NaN,1,0,0.7,1.50847457627119,2,34,0,NaN,NaN,NaN,NaN,0,BDM,NaN,NaN,1,12:15:33.894,1,125,1,BDM,67,109.563949907253
2,4,1,1.2,1.2,1.20338983050847,NaN,126,0.694805192672494,102,2019-12-04,24,2,12:15:58.959,0.559322033898305,0.491525423728814,24.85,0,0.471028565888782,ordered,0,80.9523809523809,NaN,lose,0,1,0,0.7,1.50847457627119,2,34,0,NaN,NaN,NaN,NaN,0,BDM,NaN,NaN,0,12:15:49.894,1,126,1,BDM,68,110.763949907253
2.57627118644068,4,1,1.2,1.2,1.20338983050847,NaN,127,0.834369001099938,103,2019-12-04,24,2,12:16:13.476,0.677966101694915,1.50847457627119,24.85,0,0.432496733889366,ordered,0,81.1023622047244,NaN,lose,0,1,0,0.7,1.50847457627119,2,34,0,NaN,NaN,NaN,NaN,0,BDM,NaN,NaN,0,12:16:03.229,1,127,1,BDM,69,111.963949907253
2,4,1,1.2,1.2,1.20338983050847,NaN,128,0.609629689675732,104,2019-12-04,24,2,12:16:26.158,0.338983050847458,0.491525423728814,24.85,0,0.543107856363844,ordered,0,81.25,NaN,lose,0,1,0,0.35,1.50847457627119,1,34,0,NaN,NaN,NaN,NaN,1,BDM,NaN,NaN,0,12:16:17.176,1,128,1,BDM,70,113.163949907253
3.15254237288136,4,0.425262839143592,0.51031540697231,1.2,1.20338983050847,NaN,129,0.574737160856408,105,2019-12-04,24,2,12:16:40.509,0.525423728813559,0.949152542372881,25.9,0,0.625396106804472,ordered,1,81.3953488372093,NaN,win_paid,3,1,1.05,1.05,1.50847457627119,3,35,0,NaN,NaN,NaN,NaN,0,BDM,NaN,NaN,0,12:16:30.945,1,129,1,BDM,70,113.674265314226
2,4,0.673957829077209,0.80874939489265,1.2,1.20338983050847,NaN,130,0.326042170922791,106,2019-12-04,24,2,12:16:53.976,0.305084745762712,1.47457627118644,26.25,0,0.433688439250985,ordered,1,81.5384615384615,NaN,win_paid,1,1,0.35,0.35,1.50847457627119,1,36,0,NaN,NaN,NaN,NaN,1,BDM,NaN,NaN,0,12:16:44.195,1,130,1,BDM,70,114.483014709118
4,4,1,1.2,1.2,1.20338983050847,NaN,131,0.456424600851747,107,2019-12-04,24,2,12:17:09.275,0.389830508474576,1.11864406779661,26.25,0,0.382762182455894,ordered,0,81.6793893129771,NaN,lose,0,1,0,0.7,1.50847457627119,2,36,0,NaN,NaN,NaN,NaN,0,BDM,NaN,NaN,0,12:16:59.645,1,131,1,BDM,71,115.683014709118
3.08474576271186,4,1,1.2,1.2,1.20338983050847,NaN,132,0.713795583233135,108,2019-12-04,24,2,12:17:23.342,0.440677966101695,0.864406779661017,26.25,0,0.671415767200269,ordered,0,81.8181818181818,NaN,lose,0,1,0,1.05,1.50847457627119,3,36,0,NaN,NaN,NaN,NaN,1,BDM,NaN,NaN,0,12:17:14.012,1,132,1,BDM,72,116.883014709118
2.30508474576271,4,1,1.2,1.2,1.20338983050847,NaN,133,0.884405045275995,109,2019-12-04,24,2,12:17:36.909,0.711864406779661,0.745762711864407,26.25,0,0.622470389264941,ordered,0,81.9548872180451,NaN,lose,0,1,0,0.35,1.50847457627119,1,36,0,NaN,NaN,NaN,NaN,1,BDM,NaN,NaN,0,12:17:27.345,1,133,1,BDM,73,118.083014709118
2,4,1,1.2,1.2,1.20338983050847,NaN,134,0.720855670816931,110,2019-12-04,24,2,12:17:50.326,0.610169491525424,1.01694915254237,26.25,0,0.648470600293205,ordered,0,82.089552238806,NaN,lose,0,1,0,0.7,1.50847457627119,2,36,0,NaN,NaN,NaN,NaN,0,BDM,NaN,NaN,0,12:17:40.612,1,134,1,BDM,74,119.283014709118
2.96610169491525,4,0.981387225273614,1.17766467032834,1.2,1.20338983050847,NaN,135,0.0186127747263861,111,2019-12-04,24,2,12:18:05.606,0.372881355932203,1.50847457627119,27.3,0,0.567581197121127,ordered,1,82.2222222222222,NaN,win_paid,3,1,1.05,1.05,1.50847457627119,3,37,0,NaN,NaN,NaN,NaN,0,BDM,NaN,NaN,0,12:17:55.562,1,135,1,BDM,74,120.460679379447
4,4,1,1.2,1.2,1.20338983050847,NaN,136,0.674776467128286,112,2019-12-04,24,2,12:18:21.193,0.372881355932203,0.949152542372881,27.3,0,0.425205538627135,ordered,0,82.3529411764706,NaN,lose,0,1,0,0.7,1.50847457627119,2,37,0,NaN,NaN,NaN,NaN,0,BDM,NaN,NaN,0,12:18:11.812,1,136,1,BDM,75,121.660679379447
2.93220338983051,4,0.561491175763487,0.673789410916185,1.2,1.20338983050847,NaN,137,0.438508824236513,113,2019-12-04,24,2,12:18:35.021,0.525423728813559,0.491525423728814,28.35,0,0.594969720547317,ordered,1,82.4817518248175,NaN,win_paid,3,1,1.05,1.05,1.50847457627119,3,38,0,NaN,NaN,NaN,NaN,1,BDM,NaN,NaN,0,12:18:25.779,1,137,1,BDM,75,122.334468790363
2.05084745762712,4,0.56217982083373,0.674615785000476,1.2,1.20338983050847,NaN,138,0.43782017916627,114,2019-12-04,24,2,12:18:47.622,0.305084745762712,0.559322033898305,28.7,0,0.575412152575469,ordered,1,82.6086956521739,NaN,win_paid,1,1,0.35,0.35,1.50847457627119,1,39,0,NaN,NaN,NaN,NaN,1,BDM,NaN,NaN,0,12:18:38.781,1,138,1,BDM,75,123.009084575363
2.88135593220339,4,0.882963180494342,1.05955581659321,1.2,1.20338983050847,NaN,139,0.117036819505658,115,2019-12-04,24,2,12:19:01.969,0.661016949152542,1.05084745762712,29.4,0,0.507166551196196,ordered,1,82.7338129496403,NaN,win_paid,2,1,0.7,0.7,1.50847457627119,2,40,0,NaN,NaN,NaN,NaN,1,BDM,NaN,NaN,0,12:18:52.162,1,139,1,BDM,75,124.068640391956
3.77966101694915,4,1,1.2,1.2,1.20338983050847,NaN,140,0.814681689518582,116,2019-12-04,24,2,12:19:17.276,0.491525423728814,1.23728813559322,29.4,0,0.373042830622711,ordered,0,82.8571428571429,NaN,lose,0,1,0,0.35,1.50847457627119,1,40,0,NaN,NaN,NaN,NaN,1,BDM,NaN,NaN,0,12:19:07.429,1,140,1,BDM,76,125.268640391956
4,4,0.675144561369491,0.810173473643389,1.2,1.20338983050847,NaN,141,0.324855438630509,117,2019-12-04,24,2,12:19:32.660,0.423728813559322,1.11864406779661,30.45,0,0.519570165277971,ordered,1,82.9787234042553,NaN,win_paid,3,1,1.05,1.05,1.50847457627119,3,41,0,NaN,NaN,NaN,NaN,1,BDM,NaN,NaN,0,12:19:22.912,1,141,1,BDM,76,126.0788138656
2.45762711864407,4,0.753771885765359,0.90452626291843,1.2,1.20338983050847,NaN,142,0.246228114234641,118,2019-12-04,24,2,12:19:46.726,0.711864406779661,1.10169491525424,31.5,0,0.444599500029017,ordered,1,83.0985915492958,NaN,win_paid,3,1,1.05,1.05,1.50847457627119,3,42,0,NaN,NaN,NaN,NaN,1,BDM,NaN,NaN,0,12:19:36.779,1,142,1,BDM,76,126.983340128518
2.74576271186441,4,1,1.2,1.2,1.20338983050847,NaN,143,0.34271322112328,119,2019-12-04,24,2,12:20:00.977,0.711864406779661,0.966101694915254,31.5,0,0.241441016295866,ordered,0,83.2167832167832,NaN,lose,0,1,0,0.35,1.50847457627119,1,42,0,NaN,NaN,NaN,NaN,1,BDM,NaN,NaN,0,12:19:51.145,1,143,1,BDM,77,128.183340128518
3.76271186440678,4,0.624307859990412,0.749169431988494,1.2,1.20338983050847,NaN,144,0.375692140009588,120,2019-12-04,24,2,12:20:16.650,0.711864406779661,0.745762711864407,32.2,0,0.472726980283297,ordered,1,83.3333333333333,NaN,win_paid,2,1,0.7,0.7,1.50847457627119,2,43,0,NaN,NaN,NaN,NaN,0,BDM,NaN,NaN,0,12:20:07.029,1,144,1,BDM,77,128.932509560507
4,4,1,1.2,1.2,1.20338983050847,NaN,145,0.546553793082959,121,2019-12-04,24,2,12:20:31.860,0.525423728813559,0.728813559322034,32.2,0,0.258605936401313,ordered,0,83.448275862069,NaN,lose,0,1,0,0.35,1.50847457627119,1,43,0,NaN,NaN,NaN,NaN,0,BDM,NaN,NaN,0,12:20:22.363,1,145,1,BDM,78,130.132509560507
2.49152542372881,4,1,1.2,1.2,1.20338983050847,NaN,146,0.561920154265977,122,2019-12-04,24,2,12:20:45.260,0.661016949152542,0.491525423728814,32.2,0,0.497499904829957,ordered,0,83.5616438356164,NaN,lose,0,1,0,1.05,1.50847457627119,3,43,0,NaN,NaN,NaN,NaN,0,BDM,NaN,NaN,0,12:20:36.047,1,146,1,BDM,79,131.332509560507
2.61016949152542,4,1,1.2,1.2,1.20338983050847,NaN,147,0.395822228624001,123,2019-12-04,24,2,12:20:59.126,0.559322033898305,0.813559322033898,32.2,0,0.360802800497404,ordered,0,83.6734693877551,NaN,lose,0,1,0,0.7,1.50847457627119,2,43,0,NaN,NaN,NaN,NaN,0,BDM,NaN,NaN,0,12:20:49.563,1,147,1,BDM,80,132.532509560507
2.72881355932203,4,0.601869120468664,0.722242944562397,1.2,1.20338983050847,NaN,148,0.398130879531336,124,2019-12-04,24,2,12:21:13.262,0.440677966101695,1.13559322033898,32.9,0,0.483517959708111,ordered,1,83.7837837837838,NaN,win_paid,2,1,0.7,0.7,1.50847457627119,2,44,0,NaN,NaN,NaN,NaN,0,BDM,NaN,NaN,0,12:21:03.529,1,148,1,BDM,80,133.254752505069
2.76271186440678,4,1,1.2,1.2,1.20338983050847,NaN,149,0.515367219211572,125,2019-12-04,24,2,12:21:27.326,0.491525423728814,1,32.9,0,0.369457268388199,ordered,0,83.8926174496644,NaN,lose,0,1,0,0.35,1.50847457627119,1,44,0,NaN,NaN,NaN,NaN,1,BDM,NaN,NaN,0,12:21:17.679,1,149,1,BDM,81,134.454752505069
2,4,1,1.2,1.2,1.20338983050847,NaN,150,0.657530542095911,126,2019-12-04,24,2,12:21:41.010,0.711864406779661,1.05084745762712,32.9,0,0.448588828601713,ordered,0,84,NaN,lose,0,1,0,1.05,1.50847457627119,3,44,0,NaN,NaN,NaN,NaN,0,BDM,NaN,NaN,0,12:21:31.029,1,150,1,BDM,82,135.654752505069
2.86440677966102,4,1,1.2,1.2,1.20338983050847,NaN,151,0.950915198264959,127,2019-12-04,24,2,12:21:55.576,0.610169491525424,1.1864406779661,32.9,0,0.498743075987936,ordered,0,84.1059602649007,NaN,lose,0,1,0,0.35,1.50847457627119,1,44,0,NaN,NaN,NaN,NaN,1,BDM,NaN,NaN,0,12:21:45.527,1,151,1,BDM,83,136.854752505069
2.50847457627119,4,1,1.2,1.2,1.20338983050847,NaN,152,0.722348514327498,128,2019-12-04,24,2,12:22:09.976,0.610169491525424,1.50847457627119,32.9,0,0.5444974777769,ordered,0,84.2105263157895,NaN,lose,0,1,0,0.7,1.50847457627119,2,44,0,NaN,NaN,NaN,NaN,1,BDM,NaN,NaN,0,12:21:59.763,1,152,1,BDM,84,138.054752505069
2.69491525423729,4,1,1.2,1.2,1.20338983050847,NaN,153,0.400079745362338,129,2019-12-04,24,2,12:22:23.575,0.559322033898305,0.491525423728814,32.9,0,0.361025819061199,ordered,0,84.3137254901961,NaN,lose,0,1,0,1.05,1.50847457627119,3,44,0,NaN,NaN,NaN,NaN,0,BDM,NaN,NaN,0,12:22:14.380,1,153,1,BDM,85,139.254752505069
2,4,1,1.2,1.2,1.20338983050847,NaN,154,0.83187133932981,130,2019-12-04,24,2,12:22:37.010,0.305084745762712,1.27118644067797,32.9,0,0.380137339507191,ordered,0,84.4155844155844,NaN,lose,0,1,0,0.7,1.50847457627119,2,44,0,NaN,NaN,NaN,NaN,0,BDM,NaN,NaN,0,12:22:27.246,1,154,1,BDM,86,140.454752505069
2.98305084745763,4,0.865661658271292,1.03879398992555,1.2,1.20338983050847,NaN,155,0.134338341728708,131,2019-12-04,24,2,12:22:51.249,0.711864406779661,0.627118644067797,33.95,0,0.402388361004262,ordered,1,84.5161290322581,NaN,win_paid,3,1,1.05,1.05,1.50847457627119,3,45,0,NaN,NaN,NaN,NaN,0,BDM,NaN,NaN,0,12:22:41.663,1,155,1,BDM,86,141.493546494995
4,4,0.939533228060172,1.12743987367221,1.2,1.20338983050847,NaN,156,0.0604667719398284,132,2019-12-04,24,2,12:23:07.248,0.644067796610169,1.50847457627119,34.3,0,0.199435713418645,ordered,1,84.6153846153846,NaN,win_paid,1,1,0.35,0.35,1.50847457627119,1,46,0,NaN,NaN,NaN,NaN,0,BDM,NaN,NaN,0,12:22:56.913,1,156,1,BDM,86,142.620986368667
3.33898305084746,4,0.91575294768534,1.09890353722241,1.2,1.20338983050847,NaN,157,0.0842470523146596,133,2019-12-04,24,2,12:23:21.925,0.457627118644068,0.491525423728814,35.35,0,0.582617570652293,ordered,1,84.7133757961784,NaN,win_paid,3,1,1.05,1.05,1.50847457627119,3,47,0,NaN,NaN,NaN,NaN,1,BDM,NaN,NaN,0,12:23:12.763,1,157,1,BDM,86,143.719889905889
2.16949152542373,4,0.836101681670292,1.00332201800435,1.2,1.20338983050847,NaN,158,0.163898318329708,134,2019-12-04,24,2,12:23:35.710,0.711864406779661,0.983050847457627,36.05,0,0.512347586519658,ordered,1,84.8101265822785,NaN,win_paid,2,1,0.7,0.7,1.50847457627119,2,48,0,NaN,NaN,NaN,NaN,1,BDM,NaN,NaN,0,12:23:25.813,1,158,1,BDM,86,144.723211923894
2.57627118644068,4,0.675780079705951,0.810936095647141,1.2,1.20338983050847,NaN,159,0.324219920294049,135,2019-12-04,24,2,12:23:49.462,0.711864406779661,0.813559322033898,36.4,0,0.394899268353453,ordered,1,84.9056603773585,NaN,win_paid,1,1,0.35,0.35,1.50847457627119,1,49,0,NaN,NaN,NaN,NaN,1,BDM,NaN,NaN,0,12:23:39.997,1,159,1,BDM,86,145.534148019541
2.72881355932203,4,0.698273222795353,0.837927867354424,1.2,1.20338983050847,NaN,160,0.301726777204647,136,2019-12-04,24,2,12:24:03.233,0.305084745762712,0.898305084745763,37.45,0,0.401084522906704,ordered,1,85,NaN,win_paid,3,1,1.05,1.05,1.50847457627119,3,50,0,NaN,NaN,NaN,NaN,0,BDM,NaN,NaN,0,12:23:53.846,1,160,1,BDM,86,146.372075886895
2.5593220338983,4,0.98831900886966,1.18598281064359,1.2,1.20338983050847,NaN,161,0.0116809911303396,137,2019-12-04,24,2,12:24:16.857,0.305084745762712,1.03389830508475,37.8,0,0.399780686698307,ordered,1,85.0931677018634,NaN,win_paid,1,1,0.35,0.35,1.50847457627119,1,51,0,NaN,NaN,NaN,NaN,0,BDM,NaN,NaN,0,12:24:07.480,1,161,1,BDM,86,147.558058697539
3.59322033898305,4,1,1.2,1.2,1.20338983050847,NaN,162,0.539905093849625,138,2019-12-04,24,2,12:24:32.160,0.474576271186441,1.42372881355932,37.8,0,0.385764430670564,ordered,0,85.1851851851852,NaN,lose,0,1,0,0.7,1.50847457627119,2,51,0,NaN,NaN,NaN,NaN,0,BDM,NaN,NaN,0,12:24:22.147,1,162,1,BDM,87,148.758058697539
3.49152542372881,4,0.904627307372178,1.08555276884661,1.2,1.20338983050847,NaN,163,0.0953726926278216,139,2019-12-04,24,2,12:24:47.275,0.593220338983051,1.16949152542373,38.85,0,0.499901707565992,ordered,1,85.2760736196319,NaN,win_paid,3,1,1.05,1.05,1.50847457627119,3,52,0,NaN,NaN,NaN,NaN,0,BDM,NaN,NaN,0,12:24:37.313,1,163,1,BDM,87,149.843611466385
2.11864406779661,4,0.853485143557768,1.02418217226932,1.2,1.20338983050847,NaN,164,0.146514856442232,140,2019-12-04,24,2,12:25:00.931,0.457627118644068,1.20338983050847,39.55,0,0.673028404623142,ordered,1,85.3658536585366,NaN,win_paid,2,1,0.7,0.7,1.50847457627119,2,53,0,NaN,NaN,NaN,NaN,1,BDM,NaN,NaN,0,12:24:51.112,1,164,1,BDM,87,150.867793638655
3.1864406779661,4,1,1.2,1.2,1.20338983050847,NaN,165,0.631141207014955,141,2019-12-04,24,2,12:25:15.060,0.372881355932203,0.830508474576271,39.55,0,0.572598604024622,ordered,0,85.4545454545455,NaN,lose,0,1,0,0.35,1.50847457627119,1,53,0,NaN,NaN,NaN,NaN,1,BDM,NaN,NaN,0,12:25:05.814,1,165,1,BDM,88,152.067793638655
2,4,1,1.2,1.2,1.20338983050847,NaN,166,0.859320411428785,142,2019-12-04,24,2,12:25:28.113,0.305084745762712,1.03389830508475,39.55,0,0.456299721852856,ordered,0,85.5421686746988,NaN,lose,0,1,0,0.7,1.50847457627119,2,53,0,NaN,NaN,NaN,NaN,1,BDM,NaN,NaN,0,12:25:18.747,1,166,1,BDM,89,153.267793638655
3.5593220338983,4,1,1.2,1.2,1.20338983050847,NaN,167,0.974221631238713,143,2019-12-04,24,2,12:25:43.061,0.542372881355932,0.661016949152542,39.55,0,0.307191047397584,ordered,0,85.6287425149701,NaN,lose,0,1,0,0.35,1.50847457627119,1,53,0,NaN,NaN,NaN,NaN,0,BDM,NaN,NaN,0,12:25:33.928,1,167,1,BDM,90,154.467793638655
3.03389830508475,4,NaN,0,1.2,1.20338983050847,NaN,168,0.570838427472183,143,2019-12-04,25,10.6610169491525,12:26:00.340,0.305084745762712,0.796610169491525,39.55,0,NaN,ordered,NaN,85.1190476190476,NaN,fail_monkey_touching_joystick,NaN,1,0,1.05,1.50847457627119,3,53,0,NaN,NaN,NaN,NaN,1,BDM,NaN,NaN,1,12:25:48.579,1,168,1,BDM,90,154.467793638655
4,4,1,1.2,1.2,1.20338983050847,NaN,169,0.570838427472183,144,2019-12-04,25,2,12:26:16.271,0.627118644067797,0.898305084745763,39.55,0,0.323102431584503,ordered,0,85.207100591716,NaN,lose,0,1,0,1.05,1.50847457627119,3,53,0,NaN,NaN,NaN,NaN,1,BDM,NaN,NaN,0,12:26:06.657,1,169,1,BDM,91,155.667793638655
2.13559322033898,4,1,1.2,1.2,1.20338983050847,NaN,170,0.996850214574949,145,2019-12-04,25,2,12:26:30.088,0.542372881355932,1.49152542372881,39.55,0,0.257353561042451,ordered,0,85.2941176470588,NaN,lose,0,1,0,0.7,1.50847457627119,2,53,0,NaN,NaN,NaN,NaN,0,BDM,NaN,NaN,0,12:26:20.124,1,170,1,BDM,92,156.867793638655
2.20338983050847,4,0.446458426504467,0.535750111805361,1.2,1.20338983050847,NaN,171,0.553541573495533,146,2019-12-04,25,2,12:26:44.292,0.644067796610169,1.50847457627119,40.6,0,0.675936967605461,ordered,1,85.3801169590643,NaN,win_paid,3,1,1.05,1.05,1.50847457627119,3,54,0,NaN,NaN,NaN,NaN,0,BDM,NaN,NaN,0,12:26:33.973,1,171,1,BDM,92,157.40354375046
4,4,1,1.2,1.2,1.20338983050847,NaN,172,0.515458454840326,147,2019-12-04,25,2,12:26:59.271,0.576271186440678,0.694915254237288,40.6,0,0.282906492544813,ordered,0,85.4651162790698,NaN,lose,0,1,0,0.35,1.50847457627119,1,54,0,NaN,NaN,NaN,NaN,1,BDM,NaN,NaN,0,12:26:49.957,1,172,1,BDM,93,158.60354375046
3,4,0.669317934009733,0.803181520811679,1.2,1.20338983050847,NaN,173,0.330682065990267,148,2019-12-04,25,2,12:27:13.671,0.711864406779661,1,41.3,0,0.36497165330284,ordered,1,85.5491329479769,NaN,win_paid,2,1,0.7,0.7,1.50847457627119,2,55,0,NaN,NaN,NaN,NaN,0,BDM,NaN,NaN,0,12:27:03.974,1,173,1,BDM,93,159.406725271272
2.4406779661017,4,1,1.2,1.2,1.20338983050847,NaN,174,0.430001798393396,149,2019-12-04,25,2,12:27:27.671,0.423728813559322,0.847457627118644,41.3,0,0.282795555685087,ordered,0,85.632183908046,NaN,lose,0,1,0,0.35,1.50847457627119,1,55,0,NaN,NaN,NaN,NaN,0,BDM,NaN,NaN,0,12:27:18.359,1,174,1,BDM,94,160.606725271272
2.89830508474576,4,NaN,0,1.2,1.20338983050847,NaN,175,0.491806253603745,149,2019-12-04,26,8.71186440677966,12:27:44.455,0.711864406779661,0.847457627118644,41.3,0,NaN,ordered,NaN,85.1428571428571,NaN,fail_monkey_bidding_activity,NaN,1,0,1.05,1.50847457627119,3,55,0,NaN,NaN,NaN,NaN,1,BDM,NaN,NaN,1,12:27:32.274,1,175,1,BDM,94,160.606725271272
2.57627118644068,4,1,1.2,1.2,1.20338983050847,NaN,176,0.491806253603745,150,2019-12-04,26,2,12:27:58.888,0.677966101694915,1.35593220338983,41.3,0,0.363624336154071,ordered,0,85.2272727272727,NaN,lose,0,1,0,1.05,1.50847457627119,3,55,0,NaN,NaN,NaN,NaN,1,BDM,NaN,NaN,0,12:27:48.791,1,176,1,BDM,95,161.806725271272
2.35593220338983,4,0.928962916087047,1.11475549930446,1.2,1.20338983050847,NaN,177,0.0710370839129527,151,2019-12-04,26,2,12:28:12.741,0.457627118644068,1.22033898305085,42.35,0,0.31865908793965,ordered,1,85.3107344632768,NaN,win_paid,3,1,1.05,1.05,1.50847457627119,3,56,0,NaN,NaN,NaN,NaN,1,BDM,NaN,NaN,0,12:28:02.941,1,177,1,BDM,95,162.921480770576
2,4,1,1.2,1.2,1.20338983050847,NaN,178,0.887739215532716,152,2019-12-04,26,2,12:28:25.954,0.711864406779661,0.76271186440678,42.35,0,0.284253797793164,ordered,0,85.3932584269663,NaN,lose,0,1,0,0.35,1.50847457627119,1,56,0,NaN,NaN,NaN,NaN,0,BDM,NaN,NaN,0,12:28:16.474,1,178,1,BDM,96,164.121480770576
2.94915254237288,4,NaN,0,1.2,1.20338983050847,NaN,179,0.0646335910508684,152,2019-12-04,27,6.71186440677966,12:28:42.755,0.474576271186441,0.966101694915254,42.35,0,NaN,ordered,NaN,84.9162011173184,NaN,fail_monkey_bid_stabilised,NaN,1,0,0.7,1.50847457627119,2,56,0,NaN,NaN,NaN,NaN,1,BDM,NaN,NaN,1,12:28:30.606,1,179,1,BDM,96,164.121480770576
4,4,NaN,0,1.2,1.20338983050847,NaN,180,0.0646335910508684,152,2019-12-04,28,6.69491525423729,12:29:00.322,0.694915254237288,0.491525423728814,42.35,0,NaN,ordered,NaN,84.4444444444444,NaN,fail_monkey_bid_stabilised,NaN,1,0,0.7,1.50847457627119,2,56,0,NaN,NaN,NaN,NaN,1,BDM,NaN,NaN,1,12:28:48.458,1,180,1,BDM,96,164.121480770576
3.47457627118644,4,0.935366408949132,1.12243969073896,1.2,1.20338983050847,NaN,181,0.0646335910508684,153,2019-12-04,28,2,12:29:14.526,0.355932203389831,0.491525423728814,43.05,0,0.277948492661034,ordered,1,84.5303867403315,NaN,win_paid,2,1,0.7,0.7,1.50847457627119,2,57,0,NaN,NaN,NaN,NaN,1,BDM,NaN,NaN,0,12:29:05.524,1,181,1,BDM,96,165.243920461315
2.32203389830508,4,1,1.2,1.2,1.20338983050847,NaN,182,0.436184955731448,154,2019-12-04,28,2,12:29:28.335,0.406779661016949,1.47457627118644,43.05,0,0.43117573678136,ordered,0,84.6153846153846,NaN,lose,0,1,0,0.7,1.50847457627119,2,57,0,NaN,NaN,NaN,NaN,0,BDM,NaN,NaN,0,12:29:18.524,1,182,1,BDM,97,166.443920461315
2.32203389830508,4,1,1.2,1.2,1.20338983050847,NaN,183,0.826629506618892,155,2019-12-04,28,2,12:29:42.022,0.593220338983051,1,43.05,0,0.440233971003295,ordered,0,84.6994535519126,NaN,lose,0,1,0,1.05,1.50847457627119,3,57,0,NaN,NaN,NaN,NaN,0,BDM,NaN,NaN,0,12:29:32.390,1,183,1,BDM,98,167.643920461315
3,4,0.605465315766966,0.72655837892036,1.2,1.20338983050847,NaN,184,0.394534684233034,156,2019-12-04,28,2,12:29:56.274,0.711864406779661,0.898305084745763,43.4,0,0.461086186236156,ordered,1,84.7826086956522,NaN,win_paid,1,1,0.35,0.35,1.50847457627119,1,58,0,NaN,NaN,NaN,NaN,1,BDM,NaN,NaN,0,12:29:46.691,1,184,1,BDM,98,168.370478840235
3.64406779661017,4,1,1.2,1.2,1.20338983050847,NaN,185,0.613474881705262,157,2019-12-04,28,2,12:30:11.021,0.525423728813559,0.847457627118644,43.4,0,0.342677155924747,ordered,0,84.8648648648649,NaN,lose,0,1,0,0.35,1.50847457627119,1,58,0,NaN,NaN,NaN,NaN,1,BDM,NaN,NaN,0,12:30:01.606,1,185,1,BDM,99,169.570478840235
4,4,1,1.2,1.2,1.20338983050847,NaN,186,0.818640735082209,158,2019-12-04,28,2,12:30:26.269,0.593220338983051,1.05084745762712,43.4,0,0.442035330284591,ordered,0,84.9462365591398,NaN,lose,0,1,0,0.7,1.50847457627119,2,58,0,NaN,NaN,NaN,NaN,0,BDM,NaN,NaN,0,12:30:16.741,1,186,1,BDM,100,170.770478840235
3.01694915254237,4,1,1.2,1.2,1.20338983050847,NaN,187,0.886235039062606,159,2019-12-04,28,2,12:30:41.456,0.491525423728814,1.50847457627119,43.4,0,0.506617577054971,ordered,0,85.0267379679144,NaN,lose,0,1,0,1.05,1.50847457627119,3,58,0,NaN,NaN,NaN,NaN,1,BDM,NaN,NaN,0,12:30:31.525,1,187,1,BDM,101,171.970478840235
2.71186440677966,4,1,1.2,1.2,1.20338983050847,NaN,188,0.931111627487221,160,2019-12-04,28,2,12:30:56.655,0.627118644067797,1.50847457627119,43.4,0,0.532308947279236,ordered,0,85.1063829787234,NaN,lose,0,1,0,1.05,1.50847457627119,3,58,0,NaN,NaN,NaN,NaN,0,BDM,NaN,NaN,0,12:30:46.458,1,188,1,BDM,102,173.170478840235
3.23728813559322,4,0.809215351990878,0.971058422389053,1.2,1.20338983050847,NaN,189,0.190784648009122,161,2019-12-04,28,2,12:31:11.233,0.711864406779661,1.01694915254237,43.75,0,0.381389719198075,ordered,1,85.1851851851852,NaN,win_paid,1,1,0.35,0.35,1.50847457627119,1,59,0,NaN,NaN,NaN,NaN,0,BDM,NaN,NaN,0,12:31:01.575,1,189,1,BDM,102,174.141537262624
3.25423728813559,4,0.741417748581228,0.889701298297473,1.2,1.20338983050847,NaN,190,0.258582251418772,162,2019-12-04,28,2,12:31:25.636,0.711864406779661,0.694915254237288,44.45,0,0.439993793989856,ordered,1,85.2631578947368,NaN,win_paid,2,1,0.7,0.7,1.50847457627119,2,60,0,NaN,NaN,NaN,NaN,0,BDM,NaN,NaN,0,12:31:16.175,1,190,1,BDM,102,175.031238560922
2,4,1,1.2,1.2,1.20338983050847,NaN,191,0.897865684840299,163,2019-12-04,28,2,12:31:38.655,0.305084745762712,1.03389830508475,44.45,0,0.363135984455383,ordered,0,85.3403141361257,NaN,lose,0,1,0,0.35,1.50847457627119,1,60,0,NaN,NaN,NaN,NaN,0,BDM,NaN,NaN,0,12:31:29.375,1,191,1,BDM,103,176.231238560922
3.13559322033898,4,1,1.2,1.2,1.20338983050847,NaN,192,0.593361860386109,164,2019-12-04,28,2,12:31:53.006,0.406779661016949,1.05084745762712,44.45,0,0.574348495993579,ordered,0,85.4166666666667,NaN,lose,0,1,0,1.05,1.50847457627119,3,60,0,NaN,NaN,NaN,NaN,1,BDM,NaN,NaN,0,12:31:43.475,1,192,1,BDM,104,177.431238560922
2.69491525423729,4,0.496159918153152,0.595391901783782,1.2,1.20338983050847,NaN,193,0.503840081846848,165,2019-12-04,28,2,12:32:07.571,0.711864406779661,1.50847457627119,45.15,0,0.576244839918128,ordered,1,85.4922279792746,NaN,win_paid,2,1,0.7,0.7,1.50847457627119,2,61,0,NaN,NaN,NaN,NaN,0,BDM,NaN,NaN,0,12:31:57.408,1,193,1,BDM,104,178.026630462706
2.76271186440678,4,0.387190411164441,0.464628493397329,1.2,1.20338983050847,NaN,194,0.612809588835559,166,2019-12-04,28,2,12:32:21.231,0.711864406779661,0.525423728813559,45.85,0,0.648101096170255,ordered,1,85.5670103092783,NaN,win_paid,2,1,0.7,0.7,1.50847457627119,2,62,0,NaN,NaN,NaN,NaN,1,BDM,NaN,NaN,0,12:32:12.042,1,194,1,BDM,104,178.491258956103
2.76271186440678,4,1,1.2,1.2,1.20338983050847,NaN,195,0.819422242231876,167,2019-12-04,28,2,12:32:35.039,0.508474576271186,0.745762711864407,45.85,0,0.566336758084789,ordered,0,85.6410256410256,NaN,lose,0,1,0,0.35,1.50847457627119,1,62,0,NaN,NaN,NaN,NaN,1,BDM,NaN,NaN,0,12:32:25.709,1,195,1,BDM,105,179.691258956103
2.83050847457627,4,1,1.2,1.2,1.20338983050847,NaN,196,0.531889169492926,168,2019-12-04,28,2,12:32:48.724,0.440677966101695,0.559322033898305,45.85,0,0.511747135472545,ordered,0,85.7142857142857,NaN,lose,0,1,0,1.05,1.50847457627119,3,62,0,NaN,NaN,NaN,NaN,1,BDM,NaN,NaN,0,12:32:39.592,1,196,1,BDM,106,180.891258956103
2.30508474576271,4,0.797924903451568,0.957509884141882,1.2,1.20338983050847,NaN,197,0.202075096548432,169,2019-12-04,28,2,12:33:02.148,0.542372881355932,0.915254237288136,46.55,0,0.568353200956389,ordered,1,85.7868020304569,NaN,win_paid,2,1,0.7,0.7,1.50847457627119,2,63,0,NaN,NaN,NaN,NaN,0,BDM,NaN,NaN,0,12:32:52.725,1,197,1,BDM,106,181.848768840245
4,4,1,1.2,1.2,1.20338983050847,NaN,198,0.453893465680522,170,2019-12-04,28,2,12:33:17.589,0.322033898305085,1.42372881355932,46.55,0,0.34362989360414,ordered,0,85.8585858585859,NaN,lose,0,1,0,0.35,1.50847457627119,1,63,0,NaN,NaN,NaN,NaN,0,BDM,NaN,NaN,0,12:33:07.858,1,198,1,BDM,107,183.048768840245
4,4,0.572089080179829,0.686506896215795,1.2,1.20338983050847,NaN,199,0.427910919820171,171,2019-12-04,28,2,12:33:32.986,0.525423728813559,1.11864406779661,47.6,0,0.562623176144086,ordered,1,85.929648241206,NaN,win_paid,3,1,1.05,1.05,1.50847457627119,3,64,0,NaN,NaN,NaN,NaN,0,BDM,NaN,NaN,0,12:33:23.242,1,199,1,BDM,107,183.735275736461
3.16949152542373,4,1,1.2,1.2,1.20338983050847,NaN,200,0.966052749611999,172,2019-12-04,28,2,12:33:47.373,0.593220338983051,0.830508474576271,47.6,0,0.401684980471544,ordered,0,86,NaN,lose,0,1,0,0.7,1.50847457627119,2,64,0,NaN,NaN,NaN,NaN,0,BDM,NaN,NaN,0,12:33:37.875,1,200,1,BDM,108,184.935275736461
2.40677966101695,4,1,1.2,1.2,1.20338983050847,NaN,201,0.620055054133474,173,2019-12-04,28,2,12:34:00.656,0.440677966101695,0.491525423728814,47.6,0,0.507038509431098,ordered,0,86.0696517412935,NaN,lose,0,1,0,1.05,1.50847457627119,3,64,0,NaN,NaN,NaN,NaN,0,BDM,NaN,NaN,0,12:33:51.477,1,201,1,BDM,109,186.135275736461
2.45762711864407,4,1,1.2,1.2,1.20338983050847,NaN,202,0.695389951918004,174,2019-12-04,28,2,12:34:14.756,0.711864406779661,0.491525423728814,47.6,0,0.692517350458531,ordered,0,86.1386138613861,NaN,lose,0,1,0,0.35,1.50847457627119,1,64,0,NaN,NaN,NaN,NaN,1,BDM,NaN,NaN,0,12:34:05.475,1,202,1,BDM,110,187.335275736461
4,4,1,1.2,1.2,1.20338983050847,NaN,203,0.720164612017979,175,2019-12-04,28,2,12:34:30.785,0.711864406779661,1.50847457627119,47.6,0,0.564912821618159,ordered,0,86.2068965517241,NaN,lose,0,1,0,0.7,1.50847457627119,2,64,0,NaN,NaN,NaN,NaN,1,BDM,NaN,NaN,0,12:34:20.492,1,203,1,BDM,111,188.535275736461
2.88135593220339,4,0.653104809712386,0.783725771654864,1.2,1.20338983050847,NaN,204,0.346895190287614,176,2019-12-04,28,2,12:34:45.102,0.711864406779661,1,47.95,0,0.398957209357158,ordered,1,86.2745098039216,NaN,win_paid,1,1,0.35,0.35,1.50847457627119,1,65,0,NaN,NaN,NaN,NaN,0,BDM,NaN,NaN,0,12:34:35.374,1,204,1,BDM,111,189.319001508115
2.91525423728814,4,0.48300957947469,0.579611495369628,1.2,1.20338983050847,NaN,205,0.51699042052531,177,2019-12-04,28,2,12:34:59.851,0.355932203389831,1.50847457627119,49,0,0.635783263928175,ordered,1,86.3414634146341,NaN,win_paid,3,1,1.05,1.05,1.50847457627119,3,66,0,NaN,NaN,NaN,NaN,1,BDM,NaN,NaN,0,12:34:49.759,1,205,1,BDM,111,189.898613003485
3.10169491525424,4,1,1.2,1.2,1.20338983050847,NaN,206,0.556694632012102,178,2019-12-04,28,2,12:35:13.973,0.372881355932203,0.898305084745763,49,0,0.376988661742094,ordered,0,86.4077669902913,NaN,lose,0,1,0,0.35,1.50847457627119,1,66,0,NaN,NaN,NaN,NaN,1,BDM,NaN,NaN,0,12:35:04.642,1,206,1,BDM,112,191.098613003485
3.5593220338983,4,0.843504780885955,1.01220573706315,1.2,1.20338983050847,NaN,207,0.156495219114045,179,2019-12-04,28,2,12:35:29.256,0.711864406779661,1.08474576271186,49.7,0,0.64030445533306,ordered,1,86.4734299516908,NaN,win_paid,2,1,0.7,0.7,1.50847457627119,2,67,0,NaN,NaN,NaN,NaN,0,BDM,NaN,NaN,0,12:35:19.242,1,207,1,BDM,112,192.110818740548
3.05084745762712,4,1,1.2,1.2,1.20338983050847,NaN,208,0.562056045561775,180,2019-12-04,28,2,12:35:44.123,0.711864406779661,0.915254237288136,49.7,0,0.548700633426495,ordered,0,86.5384615384615,NaN,lose,0,1,0,1.05,1.50847457627119,3,67,0,NaN,NaN,NaN,NaN,1,BDM,NaN,NaN,0,12:35:34.542,1,208,1,BDM,113,193.310818740548
2.89830508474576,4,1,1.2,1.2,1.20338983050847,NaN,209,0.694803289108456,181,2019-12-04,28,2,12:35:58.422,0.423728813559322,1.25423728813559,49.7,0,0.530113009571809,ordered,0,86.6028708133971,NaN,lose,0,1,0,1.05,1.50847457627119,3,67,0,NaN,NaN,NaN,NaN,0,BDM,NaN,NaN,0,12:35:48.742,1,209,1,BDM,114,194.510818740548
3.05084745762712,4,0.573544464289763,0.688253357147715,1.2,1.20338983050847,NaN,210,0.426455535710237,182,2019-12-04,28,2,12:36:13.637,0.457627118644068,1.50847457627119,50.4,0,0.613343529157731,ordered,1,86.6666666666667,NaN,win_paid,2,1,0.7,0.7,1.50847457627119,2,68,0,NaN,NaN,NaN,NaN,1,BDM,NaN,NaN,0,12:36:03.724,1,210,1,BDM,114,195.199072097696
2,4,1,1.2,1.2,1.20338983050847,NaN,211,0.836270420676314,183,2019-12-04,28,2,12:36:27.073,0.440677966101695,1.27118644067797,50.4,0,0.376929216703955,ordered,0,86.7298578199052,NaN,lose,0,1,0,0.35,1.50847457627119,1,68,0,NaN,NaN,NaN,NaN,0,BDM,NaN,NaN,0,12:36:17.376,1,211,1,BDM,115,196.399072097696
2.61016949152542,4,1,1.2,1.2,1.20338983050847,NaN,212,0.731387066161933,184,2019-12-04,28,2,12:36:40.489,0.576271186440678,0.491525423728814,50.4,0,0.328077649239826,ordered,0,86.7924528301887,NaN,lose,0,1,0,1.05,1.50847457627119,3,68,0,NaN,NaN,NaN,NaN,1,BDM,NaN,NaN,0,12:36:31.376,1,212,1,BDM,116,197.599072097696
2,4,0.639968957914228,0.767962749497074,1.2,1.20338983050847,NaN,213,0.360031042085772,185,2019-12-04,28,2,12:36:54.166,0.305084745762712,1.50847457627119,51.1,0,0.466585230723277,ordered,1,86.8544600938967,NaN,win_paid,2,1,0.7,0.7,1.50847457627119,2,69,0,NaN,NaN,NaN,NaN,0,BDM,NaN,NaN,0,12:36:44.209,1,213,1,BDM,116,198.367034847193
3,4,1,1.2,1.2,1.20338983050847,NaN,214,0.454212371853399,186,2019-12-04,28,2,12:37:09.319,0.525423728813559,1.15254237288136,51.1,0,0.346966084740023,ordered,0,86.9158878504673,NaN,lose,0,1,0,0.35,1.50847457627119,1,69,0,NaN,NaN,NaN,NaN,1,BDM,NaN,NaN,0,12:36:59.493,1,214,1,BDM,117,199.567034847193
2.74576271186441,4,1,1.2,1.2,1.20338983050847,NaN,215,0.386389898592172,187,2019-12-04,28,2,12:37:23.790,0.542372881355932,1.28813559322034,51.1,0,0.380875035847775,ordered,0,86.9767441860465,NaN,lose,0,1,0,0.7,1.50847457627119,2,69,0,NaN,NaN,NaN,NaN,0,BDM,NaN,NaN,0,12:37:13.776,1,215,1,BDM,118,200.767034847193
2.57627118644068,4,1,1.2,1.2,1.20338983050847,NaN,216,0.775554642250535,188,2019-12-04,28,2,12:37:37.607,0.423728813559322,0.949152542372881,51.1,0,0.597929724071417,ordered,0,87.037037037037,NaN,lose,0,1,0,1.05,1.50847457627119,3,69,0,NaN,NaN,NaN,NaN,0,BDM,NaN,NaN,0,12:37:28.109,1,216,1,BDM,119,201.967034847193
2.69491525423729,4,1,1.2,1.2,1.20338983050847,NaN,217,0.734271105685939,189,2019-12-04,28,2,12:37:51.128,0.627118644067797,0.491525423728814,51.1,0,0.430857742065819,ordered,0,87.0967741935484,NaN,lose,0,1,0,0.35,1.50847457627119,1,69,0,NaN,NaN,NaN,NaN,1,BDM,NaN,NaN,0,12:37:42.009,1,217,1,BDM,120,203.167034847193
2.20338983050847,4,0.569722154925844,0.683666585911013,1.2,1.20338983050847,NaN,218,0.430277845074156,190,2019-12-04,28,2,12:38:04.237,0.305084745762712,0.779661016949153,52.15,0,0.543666055362193,ordered,1,87.1559633027523,NaN,win_paid,3,1,1.05,1.05,1.50847457627119,3,70,0,NaN,NaN,NaN,NaN,0,BDM,NaN,NaN,0,12:37:55.060,1,218,1,BDM,120,203.850701433104
4,4,1,1.2,1.2,1.20338983050847,NaN,219,0.693752574133913,191,2019-12-04,28,2,12:38:20.757,0.711864406779661,1.38983050847458,52.15,0,0.376689034042759,ordered,0,87.2146118721461,NaN,lose,0,1,0,0.7,1.50847457627119,2,70,0,NaN,NaN,NaN,NaN,0,BDM,NaN,NaN,0,12:38:10.493,1,219,1,BDM,121,205.050701433104
2.20338983050847,4,1,1.2,1.2,1.20338983050847,NaN,220,0.94521348716846,192,2019-12-04,28,2,12:38:34.174,0.322033898305085,0.864406779661017,52.15,0,0.32043529286289,ordered,0,87.2727272727273,NaN,lose,0,1,0,0.35,1.50847457627119,1,70,0,NaN,NaN,NaN,NaN,0,BDM,NaN,NaN,0,12:38:24.693,1,220,1,BDM,122,206.250701433104
3.49152542372881,4,1,1.2,1.2,1.20338983050847,NaN,221,0.784232598231741,193,2019-12-04,28,2,12:38:49.306,0.610169491525424,1.23728813559322,52.15,0,0.503340815623408,ordered,0,87.3303167420815,NaN,lose,0,1,0,1.05,1.50847457627119,3,70,0,NaN,NaN,NaN,NaN,1,BDM,NaN,NaN,0,12:38:39.343,1,221,1,BDM,123,207.450701433104
2,4,NaN,0,1.2,1.20338983050847,NaN,222,0.705571858131069,193,2019-12-04,29,8.71186440677966,12:39:04.726,0.542372881355932,0.576271186440678,52.15,0,NaN,ordered,NaN,86.9369369369369,NaN,fail_monkey_bidding_activity,NaN,1,0,0.7,1.50847457627119,2,70,0,NaN,NaN,NaN,NaN,1,BDM,NaN,NaN,1,12:38:53.043,1,222,1,BDM,123,207.450701433104
3.50847457627119,4,1,1.2,1.2,1.20338983050847,NaN,223,0.705571858131069,194,2019-12-04,29,2,12:39:19.591,0.644067796610169,0.813559322033898,52.15,0,0.394213036274926,ordered,0,86.9955156950673,NaN,lose,0,1,0,0.7,1.50847457627119,2,70,0,NaN,NaN,NaN,NaN,1,BDM,NaN,NaN,0,12:39:09.943,1,223,1,BDM,124,208.650701433104
4,4,0.890665760475654,1.06879891257079,1.2,1.20338983050847,NaN,224,0.109334239524346,195,2019-12-04,29,2,12:39:35.003,0.457627118644068,1.03389830508475,52.5,0,0.394847812336048,ordered,1,87.0535714285714,NaN,win_paid,1,1,0.35,0.35,1.50847457627119,1,71,0,NaN,NaN,NaN,NaN,1,BDM,NaN,NaN,0,12:39:25.293,1,224,1,BDM,124,209.719500345675
2,4,0.610069342843515,0.732083211412218,1.2,1.20338983050847,NaN,225,0.389930657156485,196,2019-12-04,29,2,12:39:48.942,0.491525423728814,1.50847457627119,53.55,0,0.425771662118453,ordered,1,87.1111111111111,NaN,win_paid,3,1,1.05,1.05,1.50847457627119,3,72,0,NaN,NaN,NaN,NaN,0,BDM,NaN,NaN,0,12:39:38.710,1,225,1,BDM,124,210.451583557087
2.49152542372881,4,1,1.2,1.2,1.20338983050847,NaN,226,0.590904730405336,197,2019-12-04,29,2,12:40:03.473,0.627118644067797,1.50847457627119,53.55,0,0.0651999263067428,ordered,0,87.1681415929203,NaN,lose,0,1,0,0.35,1.50847457627119,1,72,0,NaN,NaN,NaN,NaN,1,BDM,NaN,NaN,0,12:39:53.143,1,226,1,BDM,125,211.651583557087
3.40677966101695,4,1,1.2,1.2,1.20338983050847,NaN,227,0.459380047966325,198,2019-12-04,29,2,12:40:18.191,0.711864406779661,0.694915254237288,53.55,0,0.381689354589723,ordered,0,87.2246696035242,NaN,lose,0,1,0,0.7,1.50847457627119,2,72,0,NaN,NaN,NaN,NaN,1,BDM,NaN,NaN,0,12:40:08.559,1,227,1,BDM,126,212.851583557087
2.42372881355932,4,0.949660013261046,1.13959201591326,1.2,1.20338983050847,NaN,228,0.0503399867389541,199,2019-12-04,29,2,12:40:32.646,0.440677966101695,1.50847457627119,54.25,0,0.273573758813228,ordered,1,87.280701754386,NaN,win_paid,2,1,0.7,0.7,1.50847457627119,2,73,0,NaN,NaN,NaN,NaN,1,BDM,NaN,NaN,0,12:40:22.359,1,228,1,BDM,126,213.991175573
2.47457627118644,4,0.771312415979779,0.925574899175735,1.2,1.20338983050847,NaN,229,0.228687584020221,200,2019-12-04,29,2,12:40:45.694,0.305084745762712,0.491525423728814,54.6,0,0.487523204786462,ordered,1,87.3362445414847,NaN,win_paid,1,1,0.35,0.35,1.50847457627119,1,74,0,NaN,NaN,NaN,NaN,1,BDM,NaN,NaN,0,12:40:36.825,1,229,1,BDM,126,214.916750472176
2,4,1,1.2,1.2,1.20338983050847,NaN,230,0.834189061056899,201,2019-12-04,29,2,12:40:59.040,0.542372881355932,0.915254237288136,54.6,0,0.481347128492953,ordered,0,87.3913043478261,NaN,lose,0,1,0,1.05,1.50847457627119,3,74,0,NaN,NaN,NaN,NaN,1,BDM,NaN,NaN,0,12:40:49.427,1,230,1,BDM,127,216.116750472176
3.16949152542373,4,0.984355307303473,1.18122636876417,1.2,1.20338983050847,NaN,231,0.015644692696527,202,2019-12-04,29,2,12:41:14.637,0.610169491525424,1.28813559322034,55.65,0,0.602578935951243,ordered,1,87.4458874458875,NaN,win_paid,3,1,1.05,1.05,1.50847457627119,3,75,0,NaN,NaN,NaN,NaN,0,BDM,NaN,NaN,0,12:41:04.541,1,231,1,BDM,127,217.29797684094
2.8135593220339,4,1,1.2,1.2,1.20338983050847,NaN,232,0.863710865055866,203,2019-12-04,29,2,12:41:28.657,0.677966101694915,0.661016949152542,55.65,0,0.405253385765394,ordered,0,87.5,NaN,lose,0,1,0,0.35,1.50847457627119,1,75,0,NaN,NaN,NaN,NaN,0,BDM,NaN,NaN,0,12:41:19.176,1,232,1,BDM,128,218.49797684094
3,4,0.921930946967566,1.10631713636108,1.2,1.20338983050847,NaN,233,0.0780690530324343,204,2019-12-04,29,2,12:41:43.058,0.491525423728814,1.06779661016949,56.35,0,0.717084402616271,ordered,1,87.5536480686695,NaN,win_paid,2,1,0.7,0.7,1.50847457627119,2,76,0,NaN,NaN,NaN,NaN,1,BDM,NaN,NaN,0,12:41:33.394,1,233,1,BDM,128,219.604293977301
2.91525423728814,4,1,1.2,1.2,1.20338983050847,NaN,234,0.669042590081555,205,2019-12-04,29,2,12:41:57.623,0.338983050847458,1,56.35,0,0.481768080190647,ordered,0,87.6068376068376,NaN,lose,0,1,0,1.05,1.50847457627119,3,76,0,NaN,NaN,NaN,NaN,0,BDM,NaN,NaN,0,12:41:48.277,1,234,1,BDM,129,220.804293977301
2.79661016949153,4,0.499788675718898,0.599746410862677,1.2,1.20338983050847,NaN,235,0.500211324281102,206,2019-12-04,29,2,12:42:12.439,0.610169491525424,1.50847457627119,57.05,0,0.572564294659828,ordered,1,87.6595744680851,NaN,win_paid,2,1,0.7,0.7,1.50847457627119,2,77,0,NaN,NaN,NaN,NaN,1,BDM,NaN,NaN,0,12:42:02.177,1,235,1,BDM,129,221.404040388164
4,4,0.782006201249846,0.938407441499816,1.2,1.20338983050847,NaN,236,0.217993798750154,207,2019-12-04,29,2,12:42:27.963,0.508474576271186,1.16949152542373,57.4,0,0.399445544381184,ordered,1,87.7118644067797,NaN,win_paid,1,1,0.35,0.35,1.50847457627119,1,78,0,NaN,NaN,NaN,NaN,1,BDM,NaN,NaN,0,12:42:18.143,1,236,1,BDM,129,222.342447829664
4,4,1,1.2,1.2,1.20338983050847,NaN,237,0.571615725404089,208,2019-12-04,29,2,12:42:43.524,0.542372881355932,0.694915254237288,57.4,0,0.355433049658106,ordered,0,87.7637130801688,NaN,lose,0,1,0,0.7,1.50847457627119,2,78,0,NaN,NaN,NaN,NaN,0,BDM,NaN,NaN,0,12:42:34.293,1,237,1,BDM,130,223.542447829664
3.06779661016949,4,0.87781084907658,1.0533730188919,1.2,1.20338983050847,NaN,238,0.12218915092342,209,2019-12-04,29,2,12:42:57.397,0.576271186440678,0.491525423728814,57.75,0,0.502114811467335,ordered,1,87.8151260504202,NaN,win_paid,1,1,0.35,0.35,1.50847457627119,1,79,0,NaN,NaN,NaN,NaN,0,BDM,NaN,NaN,0,12:42:48.310,1,238,1,BDM,130,224.595820848555
2.03389830508475,4,1,1.2,1.2,1.20338983050847,NaN,239,0.671166232988653,210,2019-12-04,29,2,12:43:11.857,0.389830508474576,1.50847457627119,57.75,0,0.606241040063773,ordered,0,87.8661087866109,NaN,lose,0,1,0,1.05,1.50847457627119,3,79,0,NaN,NaN,NaN,NaN,1,BDM,NaN,NaN,0,12:43:01.844,1,239,1,BDM,131,225.795820848555
2.88135593220339,4,0.400414451877186,0.480497342252623,1.2,1.20338983050847,NaN,240,0.599585548122814,211,2019-12-04,29,2,12:43:25.702,0.406779661016949,0.677966101694915,58.8,0,0.609020285869647,ordered,1,87.9166666666667,NaN,win_paid,3,1,1.05,1.05,1.50847457627119,3,80,0,NaN,NaN,NaN,NaN,1,BDM,NaN,NaN,0,12:43:16.460,1,240,1,BDM,131,226.276318190808
2,4,0.94402384261221,1.13282861113465,1.2,1.20338983050847,NaN,241,0.0559761573877905,212,2019-12-04,29,2,12:43:39.711,0.627118644067797,1.50847457627119,59.15,0,0.409353603559552,ordered,1,87.9668049792531,NaN,win_paid,1,1,0.35,0.35,1.50847457627119,1,81,0,NaN,NaN,NaN,NaN,0,BDM,NaN,NaN,0,12:43:29.410,1,241,1,BDM,131,227.409146801943
2.72881355932203,4,0.943656981456643,1.13238837774797,1.2,1.20338983050847,NaN,242,0.0563430185433568,213,2019-12-04,29,2,12:43:53.779,0.627118644067797,0.898305084745763,59.85,0,0.531081668209179,ordered,1,88.0165289256198,NaN,win_paid,2,1,0.7,0.7,1.50847457627119,2,82,0,NaN,NaN,NaN,NaN,1,BDM,NaN,NaN,0,12:43:44.177,1,242,1,BDM,131,228.541535179691
3.52542372881356,4,0.84749936299753,1.01699923559704,1.2,1.20338983050847,NaN,243,0.15250063700247,214,2019-12-04,29,2,12:44:08.909,0.711864406779661,1.06779661016949,60.55,0,0.355261484740559,ordered,1,88.0658436213992,NaN,win_paid,2,1,0.7,0.7,1.50847457627119,2,83,0,NaN,NaN,NaN,NaN,0,BDM,NaN,NaN,0,12:43:59.010,1,243,1,BDM,131,229.558534415288
4,4,0.980378933234416,1.1764547198813,1.2,1.20338983050847,NaN,244,0.0196210667655841,215,2019-12-04,29,2,12:44:25.286,0.576271186440678,1.49152542372881,60.9,0,0.330959768769445,ordered,1,88.1147540983607,NaN,win_paid,1,1,0.35,0.35,1.50847457627119,1,84,0,NaN,NaN,NaN,NaN,1,BDM,NaN,NaN,0,12:44:15.243,1,244,1,BDM,131,230.734989135169
3.08474576271186,4,1,1.2,1.2,1.20338983050847,NaN,245,0.435175545696952,216,2019-12-04,29,2,12:44:39.356,0.508474576271186,0.728813559322034,60.9,0,0.421122452915696,ordered,0,88.1632653061225,NaN,lose,0,1,0,1.05,1.50847457627119,3,84,0,NaN,NaN,NaN,NaN,0,BDM,NaN,NaN,0,12:44:30.091,1,245,1,BDM,132,231.934989135169
2.66101694915254,4,1,1.2,1.2,1.20338983050847,NaN,246,0.832221475282818,217,2019-12-04,29,2,12:44:53.457,0.305084745762712,1.45762711864407,60.9,0,0.371868265490707,ordered,0,88.2113821138211,NaN,lose,0,1,0,1.05,1.50847457627119,3,84,0,NaN,NaN,NaN,NaN,0,BDM,NaN,NaN,0,12:44:43.743,1,246,1,BDM,133,233.134989135169
3.69491525423729,4,1,1.2,1.2,1.20338983050847,NaN,247,0.617390171454084,218,2019-12-04,29,2,12:45:07.973,0.508474576271186,0.576271186440678,60.9,0,0.458941721099761,ordered,0,88.2591093117409,NaN,lose,0,1,0,0.35,1.50847457627119,1,84,0,NaN,NaN,NaN,NaN,1,BDM,NaN,NaN,0,12:44:58.860,1,247,1,BDM,134,234.334989135169
2,4,1,1.2,1.2,1.20338983050847,NaN,248,0.520129415310742,219,2019-12-04,29,2,12:45:21.823,0.559322033898305,1.50847457627119,60.9,0,0.504936305361865,ordered,0,88.3064516129032,NaN,lose,0,1,0,0.7,1.50847457627119,2,84,0,NaN,NaN,NaN,NaN,1,BDM,NaN,NaN,0,12:45:11.709,1,248,1,BDM,135,235.534989135169
3.32203389830508,4,1,1.2,1.2,1.20338983050847,NaN,249,0.863868222933611,220,2019-12-04,29,2,12:45:36.073,0.474576271186441,0.728813559322034,60.9,0,0.128453213522628,ordered,0,88.3534136546185,NaN,lose,0,1,0,1.05,1.50847457627119,3,84,0,NaN,NaN,NaN,NaN,1,BDM,NaN,NaN,0,12:45:26.860,1,249,1,BDM,136,236.734989135169
3.8135593220339,4,NaN,0,1.2,1.20338983050847,NaN,250,0.0976979181614431,220,2019-12-04,30,8.71186440677966,12:45:53.737,0.305084745762712,1.08474576271186,60.9,0,NaN,ordered,NaN,88,NaN,fail_monkey_bidding_activity,NaN,1,0,0.7,1.50847457627119,2,84,0,NaN,NaN,NaN,NaN,1,BDM,NaN,NaN,1,12:45:41.627,1,250,1,BDM,136,236.734989135169
4,4,NaN,0,1.2,1.20338983050847,NaN,251,0.0976979181614431,220,2019-12-04,31,8.71186440677966,12:46:12.566,0.305084745762712,1.03389830508475,60.9,0,NaN,ordered,NaN,87.6494023904382,NaN,fail_monkey_bidding_activity,NaN,1,0,0.7,1.50847457627119,2,84,0,NaN,NaN,NaN,NaN,1,BDM,NaN,NaN,1,12:46:00.586,1,251,1,BDM,136,236.734989135169
2.88135593220339,4,0.902302081838557,1.08276249820627,1.2,1.20338983050847,NaN,252,0.0976979181614431,221,2019-12-04,31,2,12:46:28.111,0.525423728813559,1.50847457627119,61.6,0,0.418436973379528,ordered,1,87.6984126984127,NaN,win_paid,2,1,0.7,0.7,1.50847457627119,2,85,0,NaN,NaN,NaN,NaN,1,BDM,NaN,NaN,0,12:46:17.900,1,252,1,BDM,136,237.817751633375
3.1864406779661,4,1,1.2,1.2,1.20338983050847,NaN,253,0.908052203186769,222,2019-12-04,31,2,12:46:43.065,0.406779661016949,1.50847457627119,61.6,0,0.373892644301528,ordered,0,87.7470355731225,NaN,lose,0,1,0,0.35,1.50847457627119,1,85,0,NaN,NaN,NaN,NaN,0,BDM,NaN,NaN,0,12:46:33.049,1,253,1,BDM,137,239.017751633375
2,4,0.891983305863241,1.07037996703589,1.2,1.20338983050847,NaN,254,0.108016694136759,223,2019-12-04,31,2,12:46:56.726,0.305084745762712,1.20338983050847,62.3,0,0.681890017844739,ordered,1,87.7952755905512,NaN,win_paid,2,1,0.7,0.7,1.50847457627119,2,86,0,NaN,NaN,NaN,NaN,0,BDM,NaN,NaN,0,12:46:46.868,1,254,1,BDM,137,240.088131600411
3.06779661016949,4,1,1.2,1.2,1.20338983050847,NaN,255,0.516996758096945,224,2019-12-04,31,2,12:47:10.815,0.322033898305085,0.796610169491525,62.3,0,0.263769822123603,ordered,0,87.843137254902,NaN,lose,0,1,0,0.35,1.50847457627119,1,86,0,NaN,NaN,NaN,NaN,0,BDM,NaN,NaN,0,12:47:01.501,1,255,1,BDM,138,241.288131600411
2.50847457627119,4,NaN,0,1.2,1.20338983050847,NaN,256,0.143156022083576,224,2019-12-04,32,8.71186440677966,12:47:27.755,0.525423728813559,1.50847457627119,62.3,0,NaN,ordered,NaN,87.5,NaN,fail_monkey_bidding_activity,NaN,1,0,1.05,1.50847457627119,3,86,0,NaN,NaN,NaN,NaN,0,BDM,NaN,NaN,1,12:47:15.084,1,256,1,BDM,138,241.288131600411
2.40677966101695,4,NaN,0,1.2,1.20338983050847,NaN,257,0.143156022083576,224,2019-12-04,33,8.71186440677966,12:47:43.573,0.305084745762712,0.76271186440678,62.3,0,NaN,ordered,NaN,87.15953307393,NaN,fail_monkey_bidding_activity,NaN,1,0,1.05,1.50847457627119,3,86,0,NaN,NaN,NaN,NaN,0,BDM,NaN,NaN,1,12:47:31.918,1,257,1,BDM,138,241.288131600411
3.64406779661017,4,NaN,0,1.2,1.20338983050847,NaN,258,0.143156022083576,224,2019-12-04,34,8.71186440677966,12:48:00.982,0.457627118644068,0.88135593220339,62.3,0,NaN,ordered,NaN,86.8217054263566,NaN,fail_monkey_bidding_activity,NaN,1,0,1.05,1.50847457627119,3,86,0,NaN,NaN,NaN,NaN,0,BDM,NaN,NaN,1,12:47:49.001,1,258,1,BDM,138,241.288131600411
3.23728813559322,4,NaN,0,1.2,1.20338983050847,NaN,259,0.143156022083576,224,2019-12-04,35,8.71186440677966,12:48:17.582,0.305084745762712,0.644067796610169,62.3,0,NaN,ordered,NaN,86.4864864864865,NaN,fail_monkey_bidding_activity,NaN,1,0,1.05,1.50847457627119,3,86,0,NaN,NaN,NaN,NaN,0,BDM,NaN,NaN,1,12:48:06.001,1,259,1,BDM,138,241.288131600411
2.83050847457627,4,NaN,0,1.2,1.20338983050847,NaN,260,0.143156022083576,224,2019-12-04,36,8.71186440677966,12:48:33.782,0.305084745762712,0.661016949152542,62.3,0,NaN,ordered,NaN,86.1538461538462,NaN,fail_monkey_bidding_activity,NaN,1,0,1.05,1.50847457627119,3,86,0,NaN,NaN,NaN,NaN,0,BDM,NaN,NaN,1,12:48:22.151,1,260,1,BDM,138,241.288131600411
3.61016949152542,4,0.856843977916424,1.02821277349971,1.2,1.20338983050847,NaN,261,0.143156022083576,225,2019-12-04,36,2,12:48:48.702,0.593220338983051,0.711864406779661,63.35,0,0.453889952353257,ordered,1,86.2068965517241,NaN,win_paid,3,1,1.05,1.05,1.50847457627119,3,87,0,NaN,NaN,NaN,NaN,0,BDM,NaN,NaN,0,12:48:39.134,1,261,1,BDM,138,242.316344373911
2.03389830508475,4,0.440629427596996,0.528755313116395,1.2,1.20338983050847,NaN,262,0.559370572403004,226,2019-12-04,36,2,12:49:02.235,0.593220338983051,0.983050847457627,64.05,0,0.908834300398049,ordered,1,86.2595419847328,NaN,win_paid,2,1,0.7,0.7,1.50847457627119,2,88,0,NaN,NaN,NaN,NaN,1,BDM,NaN,NaN,0,12:48:52.451,1,262,1,BDM,138,242.845099687027
3.20338983050847,4,0.995420376052677,1.19450445126321,1.2,1.20338983050847,NaN,263,0.00457962394732347,227,2019-12-04,36,2,12:49:16.963,0.305084745762712,1.27118644067797,64.4,0,0.247197355650585,ordered,1,86.3117870722433,NaN,win_paid,1,1,0.35,0.35,1.50847457627119,1,89,0,NaN,NaN,NaN,NaN,0,BDM,NaN,NaN,0,12:49:07.201,1,263,1,BDM,138,244.03960413829
3.08474576271186,4,1,1.2,1.2,1.20338983050847,NaN,264,0.766681998621487,228,2019-12-04,36,2,12:49:31.681,0.440677966101695,1.50847457627119,64.4,0,0.557913264638343,ordered,0,86.3636363636364,NaN,lose,0,1,0,1.05,1.50847457627119,3,89,0,NaN,NaN,NaN,NaN,1,BDM,NaN,NaN,0,12:49:21.785,1,264,1,BDM,139,245.23960413829
3.4406779661017,4,1,1.2,1.2,1.20338983050847,NaN,265,0.848709226458282,229,2019-12-04,36,2,12:49:46.531,0.559322033898305,0.966101694915254,64.4,0,0.484444367172269,ordered,0,86.4150943396226,NaN,lose,0,1,0,1.05,1.50847457627119,3,89,0,NaN,NaN,NaN,NaN,0,BDM,NaN,NaN,0,12:49:36.868,1,265,1,BDM,140,246.43960413829
2.72881355932203,4,1,1.2,1.2,1.20338983050847,NaN,266,0.916821270253738,230,2019-12-04,36,2,12:50:00.150,0.661016949152542,0.491525423728814,64.4,0,0.519261361691836,ordered,0,86.4661654135338,NaN,lose,0,1,0,0.35,1.50847457627119,1,89,0,NaN,NaN,NaN,NaN,1,BDM,NaN,NaN,0,12:49:50.983,1,266,1,BDM,141,247.63960413829
3.25423728813559,4,1,1.2,1.2,1.20338983050847,NaN,267,0.986968274783658,231,2019-12-04,36,2,12:50:15.248,0.474576271186441,1.50847457627119,64.4,0,0.36892546356373,ordered,0,86.5168539325843,NaN,lose,0,1,0,0.7,1.50847457627119,2,89,0,NaN,NaN,NaN,NaN,1,BDM,NaN,NaN,0,12:50:05.151,1,267,1,BDM,142,248.83960413829
2.74576271186441,4,1,1.2,1.2,1.20338983050847,NaN,268,0.505133101798823,232,2019-12-04,36,2,12:50:29.048,0.423728813559322,0.864406779661017,64.4,0,0.486373776527113,ordered,0,86.5671641791045,NaN,lose,0,1,0,0.7,1.50847457627119,2,89,0,NaN,NaN,NaN,NaN,1,BDM,NaN,NaN,0,12:50:19.717,1,268,1,BDM,143,250.03960413829
3.59322033898305,4,1,1.2,1.2,1.20338983050847,NaN,269,0.271421624417515,233,2019-12-04,36,2,12:50:44.014,0.440677966101695,1.23728813559322,64.4,0,0.0944505026161917,ordered,0,86.6171003717472,NaN,lose,0,1,0,0.35,1.50847457627119,1,89,0,NaN,NaN,NaN,NaN,1,BDM,NaN,NaN,0,12:50:34.334,1,269,1,BDM,144,251.23960413829
3.01694915254237,4,0.899249488078764,1.07909938569452,1.2,1.20338983050847,NaN,270,0.100750511921236,234,2019-12-04,36,2,12:50:57.910,0.474576271186441,0.491525423728814,65.45,0,0.336321533886295,ordered,1,86.6666666666667,NaN,win_paid,3,1,1.05,1.05,1.50847457627119,3,90,0,NaN,NaN,NaN,NaN,0,BDM,NaN,NaN,0,12:50:48.767,1,270,1,BDM,144,252.318703523985
3.5593220338983,4,1,1.2,1.2,1.20338983050847,NaN,271,0.507848830829537,235,2019-12-04,36,2,12:51:13.214,0.474576271186441,1.50847457627119,65.45,0,0.447405086325951,ordered,0,86.7158671586716,NaN,lose,0,1,0,0.35,1.50847457627119,1,90,0,NaN,NaN,NaN,NaN,0,BDM,NaN,NaN,0,12:51:03.184,1,271,1,BDM,145,253.518703523985
3.42372881355932,4,1,1.2,1.2,1.20338983050847,NaN,272,0.585609125701878,236,2019-12-04,36,2,12:51:28.031,0.305084745762712,1.23728813559322,65.45,0,0.553925206636069,ordered,0,86.7647058823529,NaN,lose,0,1,0,1.05,1.50847457627119,3,90,0,NaN,NaN,NaN,NaN,0,BDM,NaN,NaN,0,12:51:18.383,1,272,1,BDM,146,254.718703523985
3.35593220338983,4,1,1.2,1.2,1.20338983050847,NaN,273,0.762887095910741,237,2019-12-04,36,2,12:51:42.565,0.491525423728814,0.830508474576271,65.45,0,0.584857049854739,ordered,0,86.8131868131868,NaN,lose,0,1,0,0.7,1.50847457627119,2,90,0,NaN,NaN,NaN,NaN,0,BDM,NaN,NaN,0,12:51:33.115,1,273,1,BDM,147,255.918703523985
3.49152542372881,4,0.917037350889456,1.10044482106735,1.2,1.20338983050847,NaN,274,0.0829626491105439,238,2019-12-04,36,2,12:51:57.464,0.559322033898305,0.898305084745763,66.15,0,0.463462872421329,ordered,1,86.8613138686131,NaN,win_paid,2,1,0.7,0.7,1.50847457627119,2,91,0,NaN,NaN,NaN,NaN,0,BDM,NaN,NaN,0,12:51:47.801,1,274,1,BDM,147,257.019148345052
2.74576271186441,4,1,1.2,1.2,1.20338983050847,NaN,275,0.661596193082714,239,2019-12-04,36,2,12:52:11.430,0.711864406779661,0.677966101694915,66.15,0,0.269602786587363,ordered,0,86.9090909090909,NaN,lose,0,1,0,1.05,1.50847457627119,3,91,0,NaN,NaN,NaN,NaN,0,BDM,NaN,NaN,0,12:52:01.967,1,275,1,BDM,148,258.219148345052
2,4,1,1.2,1.2,1.20338983050847,NaN,276,0.516979014706213,240,2019-12-04,36,2,12:52:25.198,0.508474576271186,1.45762711864407,66.15,0,0.471551188036148,ordered,0,86.9565217391304,NaN,lose,0,1,0,0.35,1.50847457627119,1,91,0,NaN,NaN,NaN,NaN,1,BDM,NaN,NaN,0,12:52:15.165,1,276,1,BDM,149,259.419148345052
